u,i,ts,label,idx
0,1810,1695113531.0,500000000000000000,1
0,1811,1695113543.0,0,2
1,1812,1695113411.0,11732994,3
2,1813,1695113567.0,0,4
3,1814,1695113567.0,0,5
4,1815,1695113567.0,0,6
4,1816,1695113543.0,0,7
5,1817,1695113567.0,50000000000000000,8
6,1818,1695113339.0,982290000000000,9
7,1810,1695113567.0,0,10
8,1810,1695113507.0,100000000000000000,11
8,1811,1695113519.0,0,12
9,1817,1695113459.0,0,13
10,1817,1695113567.0,0,14
11,1817,1695113567.0,0,15
12,1819,1695113411.0,0,16
12,1820,1695113555.0,0,17
13,1821,1695113375.0,0,18
14,1822,1695113435.0,0,19
15,1812,1695113375.0,1520130,20
16,1817,1695113567.0,0,21
17,1823,1695113351.0,0,22
18,1812,1695113375.0,6615810,23
19,1810,1695113459.0,1120000000000000000,24
19,1811,1695113471.0,0,25
20,1824,1695113567.0,0,26
21,1825,1695113567.0,0,27
22,1826,1695113567.0,12336,28
23,1827,1695113567.0,0,29
24,1828,1695113567.0,0,30
24,1827,1695113411.0,0,31
24,1829,1695113471.0,0,32
24,1830,1695113375.0,0,33
25,1831,1695113567.0,0,34
26,1832,1695113567.0,1229000000000000,35
27,1833,1695113567.0,1884670712400000000,36
28,1834,1695113567.0,1620000000000000,37
29,1835,1695113567.0,10000000000000000,38
30,1836,1695113567.0,4065545000000000,39
31,1837,1695113567.0,0,40
32,1838,1695113567.0,1403226794626440000,41
33,1839,1695113495.0,20945800000000000,42
34,1825,1695113567.0,0,43
35,1825,1695113567.0,0,44
36,1825,1695113567.0,0,45
37,1825,1695113567.0,0,46
38,1825,1695113567.0,0,47
39,1825,1695113567.0,0,48
40,1825,1695113567.0,0,49
41,1840,1695113567.0,24162418175341000,50
42,1841,1695113531.0,31539718942129400,51
43,1842,1695113567.0,0,52
44,1843,1695113567.0,65000000000000000,53
45,1844,1695113567.0,0,54
46,1845,1695113567.0,398800000000000000,55
46,1846,1695113351.0,670506890000000000,56
47,1847,1695113567.0,13470000000000000,57
47,1824,1695113339.0,0,58
47,1848,1695113531.0,0,59
47,1849,1695113471.0,79470000000000000,60
47,1850,1695113459.0,12470000000000000,61
47,1851,1695113459.0,18225400000000000,62
47,1852,1695113447.0,0,63
47,1853,1695113447.0,520265510000000000,64
47,1854,1695113435.0,0,65
47,1855,1695113435.0,76600520000000000,66
47,1856,1695113435.0,0,67
47,1857,1695113423.0,17442010000000000,68
47,1858,1695113387.0,23545900000000000,69
47,1859,1695113375.0,32070000000000000,70
47,1860,1695113375.0,29470000000000000,71
47,1861,1695113351.0,9422600000000000,72
47,1862,1695113351.0,289470000000000000,73
48,1863,1695113567.0,0,74
49,1864,1695113411.0,6230796014740957,75
50,1865,1695113567.0,79470000000000000,76
50,1866,1695113543.0,9318600000000000,77
50,1867,1695113531.0,2875470000000000000,78
50,1868,1695113519.0,60470000000000000,79
50,1869,1695113507.0,17925000000000000,80
50,1870,1695113495.0,10714410000000000,81
50,1871,1695113483.0,345936700000000000,82
50,1872,1695113471.0,10545000000000000,83
50,1873,1695113459.0,306470000000000000,84
50,1874,1695113447.0,1016152300000000000,85
50,1875,1695113435.0,308722460000000000,86
50,1876,1695113435.0,11557900000000000,87
50,1877,1695113423.0,19999470000000000000,88
50,1878,1695113387.0,63320000000000000,89
50,1879,1695113375.0,139470000000000000,90
50,1880,1695113351.0,9270000000000000,91
50,1881,1695113351.0,65800390000000000,92
51,1882,1695113567.0,23970000000000000,93
51,1824,1695113339.0,0,94
51,1883,1695113543.0,0,95
51,1884,1695113507.0,0,96
51,1885,1695113507.0,0,97
51,1886,1695113495.0,0,98
51,1887,1695113495.0,0,99
51,1888,1695113495.0,30309680000000000,100
51,1889,1695113483.0,66970000000000000,101
51,1890,1695113471.0,413955100000000000,102
51,1891,1695113459.0,64470000000000000,103
51,1892,1695113459.0,305009860000000000,104
51,1893,1695113435.0,0,105
51,1894,1695113435.0,9270000000000000,106
51,1895,1695113435.0,0,107
51,1896,1695113423.0,17750000000000000,108
51,1897,1695113387.0,18112520000000000,109
51,1898,1695113375.0,0,110
51,1899,1695113375.0,11657800000000000,111
51,1900,1695113375.0,9322210000000000,112
51,1901,1695113375.0,0,113
51,1902,1695113351.0,19020000000000000,114
51,1903,1695113351.0,0,115
51,1904,1695113339.0,0,116
52,1905,1695113567.0,49470000000000000,117
52,1824,1695113387.0,0,118
52,1906,1695113555.0,61720000000000000,119
52,1907,1695113543.0,9270000000000000,120
52,1908,1695113531.0,42626800000000000,121
52,1909,1695113519.0,315122440000000000,122
52,1910,1695113507.0,15969170000000000,123
52,1911,1695113495.0,2377339450000000000,124
52,1912,1695113483.0,31381450000000000,125
52,1913,1695113447.0,221548450000000000,126
52,1914,1695113435.0,18470000000000000,127
52,1915,1695113435.0,271756810000000000,128
52,1916,1695113423.0,299470000000000000,129
52,1917,1695113387.0,151617700000000000,130
52,1918,1695113351.0,11331680000000000,131
52,1919,1695113351.0,11615300000000000,132
52,1920,1695113339.0,17935270000000000,133
53,1824,1695113567.0,0,134
54,1903,1695113567.0,0,135
55,1824,1695113567.0,0,136
56,1824,1695113567.0,0,137
57,1824,1695113567.0,0,138
58,1824,1695113567.0,0,139
59,1921,1695113567.0,12350367971000,140
60,1922,1695113567.0,89060253132125602,141
61,1923,1695113567.0,1699386590000000000,142
62,1924,1695113339.0,0,143
63,1824,1695113567.0,0,144
64,1925,1695113567.0,0,145
65,1926,1695113339.0,0,146
66,1824,1695113387.0,0,147
67,1927,1695113567.0,600745000000000003,148
67,1928,1695113471.0,199801000000000051,149
67,1929,1695113435.0,783801000000000070,150
67,1930,1695113423.0,32874000000000035,151
67,1931,1695113411.0,299700000000000991,152
67,1932,1695113399.0,162646000000000000,153
67,1933,1695113339.0,197600000000000118,154
68,1934,1695113567.0,0,155
69,1935,1695113339.0,0,156
70,1936,1695113567.0,511700000000000000,157
70,1937,1695113567.0,7554985610000000000,158
70,1938,1695113543.0,649140000000000000,159
70,1939,1695113531.0,915069000000000000,160
70,1940,1695113531.0,4000000000000000000,161
70,1941,1695113531.0,720000000000000000,162
70,1942,1695113531.0,7456548650000000000,163
70,1943,1695113531.0,3620000000000000000,164
70,1944,1695113507.0,1625570000000000000,165
70,1945,1695113495.0,7315484000000000000,166
70,1946,1695113495.0,930000000000000000,167
70,1947,1695113483.0,509000000000000000,168
70,1948,1695113483.0,1840000000000000000,169
70,1949,1695113459.0,10804283260000000000,170
70,1950,1695113447.0,680000000000000000,171
70,1951,1695113435.0,1342003510000000000,172
70,1952,1695113435.0,7245265400000000000,173
70,1953,1695113435.0,1313648070000000000,174
70,1954,1695113423.0,758570000000000000,175
70,1955,1695113411.0,2264570000000000000,176
70,1956,1695113411.0,1980000000000000000,177
70,1957,1695113399.0,2049569990000000000,178
70,1958,1695113387.0,2329000000000000000,179
70,1959,1695113387.0,2951630000000000000,180
70,1960,1695113387.0,6700000000000000000,181
70,1961,1695113375.0,1159419700000000000,182
70,1962,1695113375.0,7103165410000000000,183
70,1963,1695113375.0,1639639320000000000,184
70,1964,1695113375.0,1051200000000000000,185
70,1965,1695113375.0,6510000000000000000,186
70,1966,1695113375.0,2438772000000000000,187
70,1967,1695113351.0,857740000000000000,188
70,1968,1695113351.0,1420000000000000000,189
70,1969,1695113351.0,969870000000000000,190
70,1970,1695113339.0,10305000000000000000,191
70,1971,1695113339.0,1438200520000000000,192
70,1972,1695113339.0,1270000000000000000,193
70,1973,1695113339.0,729570000000000000,194
71,1974,1695113567.0,49570000000000000,195
71,1975,1695113555.0,145111160000000000,196
71,1976,1695113555.0,23950590000000000,197
71,1977,1695113543.0,49570000000000000,198
71,1978,1695113531.0,93121590000000000,199
71,1979,1695113531.0,125070000000000000,200
71,1980,1695113531.0,85000000000000000,201
71,1981,1695113531.0,20004290000000000,202
71,1982,1695113519.0,400000000000000000,203
71,1983,1695113519.0,49570000000000000,204
71,1984,1695113507.0,17855950000000000,205
71,1985,1695113507.0,42000000000000000,206
71,1986,1695113507.0,122120000000000000,207
71,1987,1695113495.0,12570000000000000,208
71,1988,1695113495.0,49570000000000000,209
71,1989,1695113483.0,215070000000000000,210
71,1990,1695113471.0,310277000000000000,211
71,1991,1695113471.0,49570000000000000,212
71,1992,1695113459.0,304689000000000000,213
71,1993,1695113459.0,179800000000000000,214
71,1994,1695113459.0,461666000000000000,215
71,1995,1695113447.0,85000000000000000,216
71,1996,1695113447.0,249300000000000000,217
71,1997,1695113447.0,49570000000000000,218
71,1998,1695113411.0,10000000000000000,219
71,1999,1695113411.0,20050350000000000,220
71,2000,1695113411.0,76430000000000000,221
71,2001,1695113411.0,214825210000000000,222
71,2002,1695113399.0,152000000000000000,223
71,2003,1695113399.0,74869990000000000,224
71,2004,1695113387.0,75430000000000000,225
71,1943,1695113387.0,52000000000000000,226
71,2005,1695113387.0,78120000000000000,227
71,2006,1695113387.0,458582000000000000,228
71,2007,1695113375.0,10000000000000000,229
71,2008,1695113375.0,20267370000000000,230
71,2009,1695113375.0,460708000000000000,231
71,2010,1695113375.0,31000000000000000,232
71,2011,1695113339.0,15000000000000000,233
71,2012,1695113339.0,68000000000000000,234
72,2013,1695113567.0,197600000000000120,235
72,2014,1695113555.0,129870000000000111,236
72,2015,1695113519.0,109135000000000069,237
72,2016,1695113519.0,1423570000000000047,238
72,2017,1695113507.0,533707000000000026,239
72,2018,1695113459.0,32345000000000006,240
72,2019,1695113411.0,34221000000000020,241
72,2020,1695113375.0,5092000000000001,242
73,2021,1695113375.0,198000000000000000,243
74,1824,1695113567.0,0,244
75,1824,1695113567.0,0,245
76,2022,1695113567.0,0,246
76,2023,1695113507.0,0,247
77,2024,1695113567.0,8443650039667000,248
78,2025,1695113567.0,0,249
79,2026,1695113567.0,690000000000000000,250
80,2027,1695113567.0,7000000000000000,251
81,2028,1695113567.0,685794321190789000,252
82,2029,1695113459.0,0,253
82,2030,1695113411.0,620481270000000000,254
83,2031,1695113567.0,0,255
84,2031,1695113567.0,0,256
85,2032,1695113567.0,8146051113124000,257
86,2033,1695113567.0,1338970000000000,258
87,2034,1695113567.0,0,259
88,1824,1695113567.0,0,260
89,2035,1695113567.0,0,261
90,2036,1695113567.0,0,262
91,2033,1695113567.0,1000000000000000,263
92,2037,1695113567.0,0,264
92,2038,1695113567.0,0,265
92,2039,1695113567.0,10965480000000000,266
92,2040,1695113567.0,0,267
92,2041,1695113567.0,6220000000000000,268
92,2042,1695113567.0,6967500000000000,269
93,2036,1695113567.0,200000000000000000,270
94,2043,1695113555.0,0,271
95,2033,1695113567.0,133843322493452,272
96,2036,1695113567.0,3600000000000000,273
97,1922,1695113567.0,12304313341732613,274
98,2044,1695113567.0,0,275
98,2045,1695113567.0,3658000000000000,276
99,1832,1695113567.0,940000000000000,277
100,1824,1695113567.0,0,278
101,1824,1695113567.0,0,279
102,2046,1695113567.0,986300000000000,280
103,2047,1695113567.0,0,281
104,2048,1695113567.0,170000000000000000,282
105,2046,1695113567.0,774940000000000,283
106,1832,1695113567.0,950000000000000,284
107,2049,1695113567.0,0,285
108,2034,1695113567.0,0,286
109,2050,1695113567.0,22269011453025964,287
110,1903,1695113567.0,0,288
111,2046,1695113567.0,747380000000000,289
112,2046,1695113567.0,505710000000000,290
113,1832,1695113567.0,880000000000000,291
114,2051,1695113567.0,2912325000000000,292
114,2052,1695113567.0,0,293
115,2033,1695113567.0,3000000000000000,294
116,2046,1695113567.0,769810000000000,295
117,2046,1695113567.0,774940000000000,296
118,2035,1695113567.0,0,297
119,2046,1695113567.0,857790000000000,298
120,2046,1695113567.0,945620000000000,299
121,2046,1695113567.0,628120000000000,300
122,2046,1695113567.0,769680000000000,301
123,2046,1695113567.0,857790000000000,302
124,2046,1695113567.0,769680000000000,303
125,2046,1695113567.0,857650000000000,304
126,2046,1695113567.0,769810000000000,305
127,2046,1695113567.0,769810000000000,306
128,2053,1695113567.0,46300000000000000,307
129,2054,1695113567.0,3063250000000000,308
129,2055,1695113543.0,5465020000000000,309
129,2056,1695113447.0,29780990000000000,310
129,2057,1695113399.0,31108000000000000,311
130,1824,1695113567.0,0,312
131,2058,1695113567.0,1277167718000000,313
132,2059,1695113567.0,0,314
133,2060,1695113567.0,0,315
134,2033,1695113567.0,1029000000000000,316
135,2031,1695113567.0,0,317
136,2061,1695113567.0,0,318
137,2062,1695113567.0,0,319
138,2034,1695113567.0,0,320
139,2034,1695113567.0,0,321
140,2063,1695113567.0,56400000000000000,322
141,2064,1695113567.0,0,323
142,2065,1695113567.0,1030193207316926140,324
143,2034,1695113567.0,0,325
144,2034,1695113567.0,0,326
145,2034,1695113567.0,0,327
146,2034,1695113567.0,0,328
147,2066,1695113567.0,0,329
148,2032,1695113567.0,5163928076952000,330
149,2032,1695113567.0,12164501942720000,331
150,2067,1695113567.0,11100000000000000,332
151,2068,1695113567.0,0,333
152,2033,1695113567.0,8000000000000000,334
153,1824,1695113567.0,0,335
154,2069,1695113567.0,0,336
155,2070,1695113567.0,220000000000000,337
156,2071,1695113567.0,561000000000000000,338
157,2032,1695113567.0,13179981257552000,339
158,2072,1695113567.0,0,340
159,2031,1695113567.0,0,341
160,2065,1695113567.0,6972936574386834808,342
161,2032,1695113567.0,5187708129460000,343
162,2073,1695113567.0,18362752685731091,344
163,2074,1695113567.0,0,345
164,2075,1695113567.0,0,346
165,2069,1695113567.0,0,347
166,2069,1695113567.0,0,348
167,2069,1695113567.0,0,349
168,2069,1695113567.0,0,350
169,2069,1695113567.0,0,351
170,2065,1695113567.0,0,352
171,2069,1695113567.0,0,353
172,2069,1695113567.0,0,354
173,2065,1695113567.0,53049862232707296,355
174,2076,1695113567.0,210000000000,356
175,2075,1695113567.0,0,357
176,2069,1695113567.0,0,358
177,2061,1695113567.0,386000000000000,359
178,2077,1695113567.0,0,360
179,2075,1695113567.0,0,361
180,2035,1695113567.0,50000000000000000,362
181,1832,1695113567.0,777000000000000,363
181,2078,1695113543.0,766000000000000,364
182,2079,1695113567.0,29320501833881989,365
183,2080,1695113567.0,0,366
184,2032,1695113567.0,30192051113124000,367
185,2081,1695113567.0,0,368
185,2082,1695113435.0,0,369
186,2035,1695113567.0,0,370
187,2021,1695113567.0,4000000000000000,371
187,2032,1695113423.0,10293541973868000,372
188,2083,1695113567.0,0,373
189,1903,1695113567.0,0,374
190,2084,1695113411.0,0,375
191,2085,1695113567.0,0,376
192,2034,1695113567.0,0,377
193,2086,1695113567.0,175663269457822948,378
194,1922,1695113567.0,508500156719922725,379
195,2087,1695113567.0,10000000000000000,380
196,2088,1695113567.0,0,381
197,2089,1695113567.0,0,382
198,2035,1695113567.0,0,383
198,2031,1695113519.0,0,384
198,2034,1695113435.0,0,385
199,2090,1695113567.0,0,386
200,2091,1695113567.0,33316600000000000,387
201,2032,1695113567.0,5509894155019478,388
202,2031,1695113567.0,0,389
203,2092,1695113567.0,5000000000000000000,390
204,2035,1695113519.0,0,391
205,2035,1695113567.0,0,392
205,2093,1695113555.0,0,393
206,2094,1695113567.0,120000000000000000,394
207,2095,1695113567.0,1387877447123509096,395
208,2096,1695113567.0,0,396
208,2097,1695113519.0,15000000000000000,397
209,2098,1695113567.0,0,398
210,2099,1695113567.0,3000000000000000,399
211,2100,1695113375.0,0,400
212,2101,1695113567.0,18301331421860998,401
213,2102,1695113567.0,110000000000000000,402
214,2103,1695113567.0,7443199843814823,403
215,1817,1695113567.0,0,404
216,2075,1695113567.0,0,405
217,2104,1695113567.0,0,406
218,2105,1695113567.0,182970010000000000,407
219,2106,1695113567.0,0,408
220,2107,1695113567.0,0,409
220,2108,1695113459.0,0,410
221,2109,1695113567.0,0,411
222,1815,1695113567.0,92000000000000000,412
223,1824,1695113567.0,0,413
224,2097,1695113567.0,4000000000000000,414
225,1824,1695113567.0,0,415
226,2033,1695113567.0,969000000000000,416
227,2031,1695113567.0,0,417
228,2086,1695113567.0,195663269457822948,418
229,1922,1695113567.0,1217796399523725979,419
230,2021,1695113567.0,298126000000000000,420
231,2034,1695113567.0,0,421
232,1922,1695113567.0,1158623263644961861,422
233,2110,1695113567.0,0,423
234,2072,1695113567.0,0,424
235,2065,1695113567.0,1207199969942476612,425
236,1922,1695113567.0,9822221703683207,426
237,2111,1695113567.0,0,427
238,2065,1695113567.0,320861696249940,428
239,2112,1695113567.0,0,429
240,2113,1695113567.0,215023146392228,430
241,2034,1695113567.0,0,431
242,2021,1695113567.0,12000000000000000,432
243,2114,1695113567.0,0,433
244,2052,1695113567.0,0,434
245,2065,1695113567.0,5198625630380241552,435
246,2065,1695113567.0,31548330559138364,436
247,1815,1695113495.0,0,437
248,2115,1695113567.0,0,438
249,2065,1695113567.0,0,439
250,2033,1695113567.0,1028000000000000,440
251,2116,1695113567.0,61450000000000000,441
252,2034,1695113567.0,0,442
253,2117,1695113567.0,131989520944714000,443
254,2062,1695113567.0,0,444
255,2029,1695113567.0,0,445
256,2031,1695113567.0,0,446
256,2035,1695113531.0,68721557020906577,447
257,1903,1695113567.0,0,448
258,2118,1695113363.0,0,449
259,2119,1695113387.0,0,450
260,2120,1695113567.0,0,451
261,1824,1695113375.0,0,452
261,2121,1695113471.0,35073368447478313,453
261,2122,1695113471.0,31755385197261163,454
261,2123,1695113447.0,37075755818730371,455
261,2124,1695113435.0,36558906874565866,456
261,2125,1695113399.0,957393875758696177,457
262,2035,1695113567.0,0,458
263,2035,1695113567.0,720000000000000000,459
264,1922,1695113567.0,23849382154527299,460
265,2126,1695113567.0,30596935353814549,461
265,2127,1695113543.0,44695192625650877,462
265,2128,1695113519.0,62354396193694515,463
265,2129,1695113471.0,26431618908956732,464
265,2130,1695113351.0,58878158137481887,465
265,2131,1695113411.0,47023459201361187,466
266,2132,1695113555.0,0,467
266,2133,1695113531.0,0,468
266,2134,1695113435.0,0,469
266,2135,1695113387.0,0,470
267,1824,1695113555.0,0,471
268,2136,1695113351.0,0,472
269,2137,1695113555.0,4587280003061227000,473
270,2138,1695113555.0,0,474
270,1817,1695113543.0,20000000000000000,475
271,1824,1695113387.0,0,476
272,2139,1695113555.0,634938000000000,477
272,2140,1695113531.0,634800000000000,478
272,2141,1695113507.0,634800000000000,479
272,2142,1695113483.0,698431799944788,480
272,2143,1695113459.0,698431799944788,481
272,2144,1695113435.0,698583599944776,482
272,2145,1695113411.0,698279999944800,483
272,2146,1695113387.0,698431799944788,484
272,2147,1695113351.0,761759999944800,485
273,2148,1695113399.0,0,486
274,2149,1695113555.0,61081000000000000,487
275,2150,1695113555.0,1824485201831021492,488
276,2151,1695113555.0,49993380392111616,489
277,2152,1695113555.0,198313610000000000,490
278,1824,1695113411.0,0,491
279,2153,1695113555.0,0,492
280,1824,1695113339.0,0,493
280,2154,1695113507.0,4193900000000000,494
280,2155,1695113447.0,43243120000000000,495
280,2156,1695113435.0,7100000000000000,496
280,1895,1695113411.0,0,497
280,2157,1695113399.0,2893930000000000,498
281,1887,1695113555.0,0,499
282,2158,1695113555.0,0,500
282,2159,1695113555.0,136996960000000000,501
282,1824,1695113411.0,0,502
282,2160,1695113543.0,966747260000000000,503
282,2161,1695113543.0,208920400000000000,504
282,2162,1695113531.0,9341000000000000,505
282,2163,1695113531.0,11624990000000000,506
282,2164,1695113519.0,159470000000000000,507
282,1886,1695113507.0,0,508
282,2165,1695113507.0,16257320000000000,509
282,1903,1695113495.0,0,510
282,2166,1695113495.0,9270000000000000,511
282,2167,1695113495.0,22447000000000000,512
282,2168,1695113483.0,999470000000000000,513
282,2169,1695113471.0,11964890000000000,514
282,2170,1695113447.0,60470000000000000,515
282,2171,1695113435.0,1218949300000000000,516
282,1898,1695113435.0,0,517
282,2172,1695113435.0,181699540000000000,518
282,2173,1695113411.0,2269470000000000000,519
282,1904,1695113351.0,0,520
282,2174,1695113351.0,386788000000000000,521
282,2175,1695113351.0,63970000000000000,522
282,2176,1695113339.0,385278240000000000,523
283,2177,1695113555.0,101470000000000000,524
283,2178,1695113543.0,88613730000000000,525
283,2179,1695113531.0,13920000000000000,526
283,1824,1695113339.0,0,527
283,2180,1695113519.0,382886200000000000,528
283,2181,1695113507.0,99470000000000000,529
283,2182,1695113495.0,309470000000000000,530
283,2183,1695113495.0,19470000000000000,531
283,2184,1695113447.0,17702080000000000,532
283,2185,1695113435.0,9425200000000000,533
283,2186,1695113351.0,83186200000000000,534
283,2187,1695113351.0,63418430000000000,535
283,2188,1695113339.0,700168600000000000,536
284,1922,1695113555.0,7800051966350165739,537
285,2189,1695113555.0,10000000000000000,538
285,1817,1695113543.0,0,539
286,2189,1695113555.0,10000000000000000,540
286,2190,1695113543.0,0,541
286,1811,1695113531.0,0,542
287,2191,1695113555.0,0,543
288,2192,1695113555.0,3145000000000000000,544
288,1886,1695113519.0,0,545
288,2193,1695113519.0,10670000000000000,546
288,2194,1695113519.0,1495000000000000000,547
288,2195,1695113483.0,47060000000000000,548
288,1824,1695113483.0,0,549
288,2196,1695113447.0,2213000000000000000,550
288,2197,1695113411.0,480216680950373000,551
288,2198,1695113411.0,378400000000000000,552
288,2199,1695113375.0,57340000000000000,553
288,2200,1695113375.0,5000000000000000,554
289,2201,1695113555.0,8108588096080000,555
290,2202,1695113339.0,0,556
291,1934,1695113555.0,0,557
292,1824,1695113555.0,0,558
293,2203,1695113555.0,1344599782838918,559
294,1819,1695113459.0,0,560
295,2204,1695113555.0,7121580450000000000,561
296,1824,1695113555.0,0,562
297,2205,1695113555.0,800000000000000000,563
298,1832,1695113555.0,950000000000000,564
299,1817,1695113555.0,13224973455788280,565
300,1824,1695113555.0,0,566
301,2206,1695113555.0,2086028165492942,567
302,2207,1695113375.0,2268670429238942,568
303,2208,1695113555.0,602748745079905156,569
303,1824,1695113483.0,0,570
303,2209,1695113411.0,40623343016602336,571
303,2210,1695113363.0,9514975276108509,572
304,1824,1695113555.0,0,573
305,2036,1695113555.0,0,574
306,1811,1695113555.0,0,575
307,2065,1695113555.0,49791393204241961,576
308,2211,1695113555.0,0,577
309,2033,1695113555.0,1118000000000000000,578
310,2212,1695113483.0,0,579
311,2213,1695113351.0,0,580
311,2214,1695113351.0,0,581
311,2215,1695113447.0,0,582
312,2216,1695113555.0,733205554591856,583
313,2217,1695113555.0,5000000000000000,584
314,1831,1695113507.0,100000000000000000,585
315,2031,1695113555.0,0,586
316,2218,1695113555.0,495484649576635505,587
316,1824,1695113519.0,0,588
317,2219,1695113555.0,7677708454613711,589
318,2220,1695113555.0,700000000000000000,590
319,1832,1695113555.0,8000000000000000,591
320,2221,1695113555.0,120000000000000000,592
321,2035,1695113555.0,0,593
322,2222,1695113555.0,0,594
322,1854,1695113495.0,0,595
323,2223,1695113555.0,20000000000000000,596
324,2224,1695113555.0,33840564116745979,597
325,2035,1695113555.0,0,598
325,2031,1695113519.0,0,599
325,2034,1695113411.0,0,600
326,2225,1695113555.0,14224063084631486,601
327,2226,1695113555.0,3422821233852182,602
328,2097,1695113555.0,120000000000000000,603
329,2227,1695113507.0,1220000000000000000,604
330,2228,1695113555.0,30200000000009004,605
331,2032,1695113555.0,7192510160116000,606
332,2229,1695113555.0,10000000000000000,607
333,2034,1695113555.0,0,608
334,2087,1695113555.0,10000000000000000,609
335,1831,1695113555.0,0,610
336,2065,1695113555.0,11065548652248412,611
337,2230,1695113555.0,0,612
337,2231,1695113531.0,0,613
337,2232,1695113507.0,0,614
337,2233,1695113495.0,0,615
337,2234,1695113483.0,0,616
337,2235,1695113471.0,0,617
337,2236,1695113447.0,0,618
337,2237,1695113423.0,0,619
338,2031,1695113555.0,0,620
339,2238,1695113555.0,55900000000000000,621
340,2034,1695113555.0,0,622
341,2239,1695113555.0,17242537906093,623
342,2111,1695113555.0,0,624
343,2240,1695113555.0,69959805349916000,625
344,2032,1695113555.0,18692276517672000,626
345,1922,1695113555.0,1990371281500000000,627
346,2065,1695113555.0,1313947992204753612,628
346,1922,1695113411.0,1145281500000000,629
347,2065,1695113555.0,810247992204753612,630
348,2241,1695113555.0,50000000000000000,631
349,1922,1695113555.0,967531281500000000,632
350,2242,1695113555.0,1187900000000000000,633
350,2243,1695113555.0,100000000000000000,634
350,2244,1695113543.0,164746000000000000,635
350,2245,1695113531.0,100000000000000000,636
351,2033,1695113555.0,1109000000000000000,637
352,2120,1695113555.0,0,638
353,2246,1695113555.0,165020000000000000,639
354,1824,1695113555.0,0,640
355,2035,1695113555.0,35000000000000000,641
356,2247,1695113555.0,3146044177227633,642
357,1922,1695113555.0,70391626000000000,643
358,2032,1695113555.0,10275899218028000,644
359,2248,1695113555.0,125406883500000000,645
360,1922,1695113555.0,10000371281500000000,646
361,2031,1695113555.0,0,647
362,1922,1695113555.0,5363499201458511,648
363,2249,1695113555.0,0,649
364,2250,1695113555.0,0,650
365,1810,1695113495.0,1000000000000000000,651
365,1811,1695113507.0,0,652
366,2251,1695113435.0,0,653
367,2252,1695113447.0,0,654
368,2253,1695113543.0,282971,655
369,2254,1695113543.0,537749853104044134,656
370,1812,1695113543.0,2441730,657
371,1810,1695113459.0,1120000000000000000,658
371,1811,1695113471.0,0,659
372,2255,1695113543.0,0,660
373,2256,1695113543.0,0,661
374,2257,1695113543.0,0,662
375,2258,1695113543.0,60124979859566633,663
376,2259,1695113543.0,0,664
377,1838,1695113543.0,12201800030229613787,665
378,1903,1695113543.0,0,666
379,2260,1695113543.0,1300000000000000,667
380,1817,1695113543.0,0,668
381,2261,1695113543.0,1450457014070521268,669
381,2262,1695113531.0,109664376123721400,670
381,2263,1695113519.0,109660496754327500,671
381,2264,1695113507.0,59651188138765800,672
381,2265,1695113495.0,29638589165779200,673
382,2266,1695113543.0,6486211866442559,674
383,2267,1695113543.0,1999753901488481000,675
384,2268,1695113543.0,0,676
384,1824,1695113519.0,0,677
385,1842,1695113543.0,0,678
386,2269,1695113387.0,0,679
387,2270,1695113543.0,78244849501779775,680
388,2271,1695113423.0,0,681
389,2022,1695113543.0,0,682
390,2272,1695113543.0,19560000000000000,683
391,2273,1695113543.0,9997000000000000000,684
391,2274,1695113543.0,2471290000000000000,685
391,2275,1695113507.0,170450000000000000,686
391,2276,1695113507.0,2272241733100000000,687
392,2277,1695113543.0,188385000000000000,688
393,1922,1695113543.0,460371281500000000,689
394,2189,1695113543.0,10000000000000000,690
395,2189,1695113543.0,10000000000000000,691
395,1811,1695113531.0,0,692
395,2190,1695113519.0,30000000000000000,693
396,1922,1695113543.0,20371281500000000,694
397,1922,1695113543.0,491626000000000,695
398,1922,1695113543.0,21064548422406986,696
399,1824,1695113543.0,0,697
400,1934,1695113543.0,0,698
401,1824,1695113543.0,0,699
402,2250,1695113543.0,0,700
403,1824,1695113543.0,0,701
404,1903,1695113543.0,0,702
405,2278,1695113543.0,0,703
406,2279,1695113543.0,0,704
406,2280,1695113507.0,0,705
407,2281,1695113543.0,50000000000000000,706
408,2282,1695113543.0,499580000000000000,707
409,2283,1695113543.0,2200000000000000,708
410,2028,1695113543.0,774602923289128000,709
411,1827,1695113543.0,150000000000000000,710
412,2065,1695113543.0,5247992204753612,711
413,2065,1695113543.0,6700247992204753612,712
414,1815,1695113543.0,700000000000000,713
415,2034,1695113543.0,0,714
416,2065,1695113495.0,527248764931041044,715
416,2284,1695113435.0,0,716
416,2285,1695113411.0,0,717
416,2286,1695113399.0,0,718
416,2069,1695113351.0,0,719
417,2287,1695113543.0,0,720
418,2288,1695113543.0,3355397614617332,721
418,2031,1695113411.0,0,722
419,2289,1695113543.0,0,723
419,2290,1695113495.0,0,724
420,2291,1695113543.0,1220310000000000000,725
421,2292,1695113543.0,46100000000000000000,726
422,1831,1695113543.0,0,727
422,2097,1695113507.0,0,728
423,2293,1695113543.0,50000000000000000,729
424,2294,1695113435.0,0,730
425,2034,1695113543.0,0,731
426,2295,1695113543.0,12350000000000000,732
427,2296,1695113543.0,4208111274938964,733
427,2297,1695113435.0,0,734
428,2298,1695113543.0,40000000000000000,735
428,2299,1695113531.0,40000000000000000,736
429,2300,1695113543.0,24193522821937926,737
430,2301,1695113543.0,0,738
431,2302,1695113375.0,0,739
432,2303,1695113543.0,0,740
433,2304,1695113543.0,21200000000000000,741
434,2305,1695113543.0,200000000000000000,742
435,2097,1695113495.0,0,743
436,2306,1695113543.0,0,744
436,1903,1695113507.0,0,745
436,2026,1695113447.0,220990679919972845596,746
437,2035,1695113543.0,0,747
438,2031,1695113543.0,0,748
439,2034,1695113543.0,0,749
440,2035,1695113519.0,0,750
441,2031,1695113543.0,0,751
442,2031,1695113543.0,0,752
443,2307,1695113543.0,0,753
444,2308,1695113543.0,315097289846251000,754
445,2034,1695113543.0,0,755
446,1824,1695113543.0,0,756
447,1903,1695113543.0,0,757
448,2309,1695113543.0,0,758
449,2310,1695113543.0,0,759
449,2311,1695113351.0,0,760
450,2032,1695113447.0,0,761
451,1922,1695113543.0,5371281500000000,762
452,2312,1695113411.0,8263000000000000,763
453,2065,1695113543.0,1649448722299172,764
454,2313,1695113543.0,0,765
455,2314,1695113543.0,76732550000000000,766
456,2315,1695113387.0,0,767
457,2316,1695113543.0,0,768
458,2120,1695113543.0,0,769
459,2035,1695113507.0,0,770
460,2035,1695113543.0,0,771
460,2317,1695113507.0,0,772
461,2318,1695113543.0,0,773
462,2319,1695113351.0,0,774
463,2320,1695113531.0,0,775
464,1831,1695113531.0,536000000,776
465,1831,1695113531.0,445000000,777
466,2321,1695113531.0,5492000000000000,778
467,2036,1695113531.0,0,779
468,1824,1695113531.0,0,780
469,2322,1695113531.0,22272750880989000,781
470,1824,1695113531.0,0,782
471,1903,1695113531.0,0,783
471,1824,1695113531.0,0,784
472,2323,1695113531.0,1860860486800936,785
473,2324,1695113531.0,0,786
474,2325,1695113531.0,6000000000000000,787
475,2326,1695113531.0,124437959119195195,788
476,2327,1695113459.0,11579466410620918388000,789
477,2328,1695113531.0,671287720000000000,790
478,2329,1695113531.0,244050000000000000,791
479,2330,1695113531.0,2375809935205183590,792
480,2331,1695113531.0,26607208405990000,793
481,2332,1695113531.0,8519788676797000,794
482,2033,1695113531.0,144770249934219,795
483,2333,1695113495.0,0,796
484,2334,1695113531.0,15000000000000000,797
484,2335,1695113483.0,0,798
485,2035,1695113531.0,0,799
486,2336,1695113375.0,0,800
487,2021,1695113531.0,7000000000000000,801
488,2061,1695113531.0,10000000000000000,802
489,2337,1695113531.0,0,803
490,2228,1695113531.0,19232000000009004,804
491,2033,1695113531.0,1063000000000000000,805
492,1824,1695113531.0,0,806
493,2101,1695113531.0,200000000000000000,807
494,2061,1695113531.0,0,808
495,1831,1695113531.0,300000000000000000,809
496,2033,1695113375.0,2530000000000000,810
497,2111,1695113531.0,0,811
498,2096,1695113531.0,0,812
499,1832,1695113531.0,4100000000000000,813
500,1824,1695113531.0,0,814
501,1824,1695113531.0,0,815
502,2033,1695113531.0,300000000000000,816
503,2338,1695113531.0,0,817
504,2339,1695113531.0,0,818
505,2032,1695113531.0,1000192723975472000,819
506,1922,1695113531.0,9990371281500000000,820
507,2034,1695113531.0,0,821
508,2034,1695113531.0,0,822
509,2340,1695113531.0,1230000000000000,823
509,2341,1695113459.0,2450000000000000,824
510,2065,1695113531.0,8396018201522081116,825
511,2065,1695113531.0,1238201522081116,826
511,2342,1695113531.0,1000000000000000,827
512,2065,1695113531.0,11390992204753612,828
513,2035,1695113531.0,28986828213928368,829
514,2343,1695113531.0,170240000000000000,830
515,2344,1695113531.0,181260000000000000,831
516,1824,1695113435.0,0,832
516,2345,1695113399.0,58633600000000000,833
517,2034,1695113531.0,0,834
518,2346,1695113531.0,6200000000000000,835
519,2033,1695113531.0,200000000000000000,836
520,2347,1695113531.0,0,837
520,2348,1695113471.0,0,838
521,1827,1695113531.0,0,839
522,2349,1695113531.0,199559000000000000,840
522,2350,1695113483.0,5500000000000000,841
523,2351,1695113531.0,25749300000000000,842
524,2352,1695113531.0,1385453052000000,843
525,1903,1695113519.0,0,844
526,2353,1695113531.0,1081029598291463,845
526,2354,1695113507.0,1108816244075994,846
526,2355,1695113459.0,89580953118183,847
527,1831,1695113531.0,0,848
528,1903,1695113531.0,0,849
529,2065,1695113531.0,3247992204753612,850
530,1824,1695113531.0,0,851
531,1824,1695113531.0,0,852
532,2356,1695113531.0,41293067188438000,853
533,2357,1695113531.0,31400000000000000,854
533,2358,1695113519.0,11200000000000000,855
533,2359,1695113507.0,140500000000000000,856
534,1824,1695113531.0,0,857
535,2360,1695113531.0,22868538535589026,858
535,2029,1695113447.0,0,859
536,2361,1695113531.0,40883213869883922,860
537,2362,1695113531.0,7864785169300000,861
538,2362,1695113531.0,7864772169300000,862
539,2035,1695113531.0,0,863
539,2363,1695113495.0,0,864
540,2364,1695113531.0,0,865
540,2365,1695113411.0,0,866
541,2366,1695113531.0,0,867
542,2367,1695113531.0,114326589999999984,868
543,1824,1695113411.0,0,869
544,2368,1695113531.0,753969984240000,870
544,2369,1695113531.0,753969984240000,871
544,2370,1695113531.0,753969984240000,872
545,1811,1695113531.0,0,873
545,2371,1695113519.0,300000000000000000,874
546,2372,1695113531.0,28787368550725000,875
547,2373,1695113531.0,0,876
548,1817,1695113531.0,0,877
549,1811,1695113531.0,0,878
549,2190,1695113519.0,1000000000000000000,879
550,2374,1695113531.0,0,880
551,2375,1695113447.0,0,881
552,2376,1695113531.0,538705369114990007,882
553,2377,1695113531.0,913430000000000000,883
553,2378,1695113531.0,518323880000000000,884
553,2379,1695113531.0,42730000000000000,885
553,1824,1695113447.0,0,886
553,2380,1695113507.0,254086008000000,887
553,2381,1695113507.0,3771630000000000000,888
553,1903,1695113495.0,0,889
553,2382,1695113471.0,6072517443000000,890
553,2383,1695113471.0,219197150000000000,891
553,2384,1695113471.0,9830000000000000,892
553,2385,1695113435.0,4418450000000000000,893
553,2386,1695113387.0,151977500000000000,894
553,2387,1695113351.0,12429000000000000,895
553,2388,1695113351.0,12660000000000000,896
554,2389,1695113531.0,550000000000000000,897
555,1824,1695113531.0,0,898
556,1824,1695113351.0,0,899
556,2390,1695113531.0,303590000000000000,900
556,1903,1695113471.0,0,901
556,2391,1695113471.0,0,902
556,2392,1695113471.0,4680000000000000,903
556,2393,1695113411.0,0,904
556,2394,1695113411.0,5210000000000000,905
556,2395,1695113411.0,0,906
556,1842,1695113411.0,0,907
557,2396,1695113531.0,0,908
558,1817,1695113507.0,0,909
558,2397,1695113495.0,0,910
559,1817,1695113531.0,0,911
560,2398,1695113411.0,0,912
561,2035,1695113531.0,0,913
561,2399,1695113483.0,0,914
562,2035,1695113531.0,0,915
563,1811,1695113531.0,0,916
564,2362,1695113531.0,7864740169300000,917
565,2362,1695113531.0,7864747169300000,918
566,2362,1695113531.0,7864689169300000,919
567,2400,1695113531.0,67000000000000000,920
567,2033,1695113483.0,412400000000000,921
568,2401,1695113531.0,108800000000000000,922
569,1852,1695113531.0,0,923
570,2402,1695113375.0,0,924
571,2403,1695113531.0,0,925
572,2404,1695113531.0,142760950000000000,926
573,2202,1695113519.0,0,927
573,2405,1695113411.0,0,928
574,2406,1695113531.0,14500000000009006,929
575,2249,1695113531.0,0,930
576,2407,1695113531.0,25875771449909000,931
576,2408,1695113531.0,979797794902770000,932
577,2035,1695113531.0,0,933
577,2409,1695113507.0,0,934
578,2410,1695113531.0,0,935
579,1824,1695113531.0,0,936
580,2031,1695113531.0,0,937
581,2411,1695113531.0,0,938
582,1886,1695113531.0,0,939
583,1824,1695113435.0,0,940
584,2120,1695113411.0,658000000000000000,941
585,2035,1695113531.0,0,942
585,2412,1695113507.0,0,943
586,2413,1695113531.0,230000000000000000,944
587,1824,1695113531.0,0,945
588,1824,1695113531.0,0,946
589,2414,1695113531.0,15500000000000000000,947
589,2415,1695113411.0,15550000000000000000,948
590,2416,1695113531.0,26818720000000000,949
591,2035,1695113531.0,120000000000000000,950
592,2417,1695113531.0,670458405099377500,951
593,2399,1695113339.0,0,952
594,1824,1695113531.0,0,953
594,2418,1695113471.0,14200000000000000,954
594,2419,1695113375.0,167900000000000000,955
595,2021,1695113531.0,24348253000000000,956
596,2035,1695113531.0,0,957
597,1898,1695113531.0,593200291665380,958
598,2420,1695113531.0,0,959
599,2421,1695113531.0,9138330000000000,960
600,1898,1695113531.0,593200291665380,961
601,1826,1695113531.0,11996,962
602,1838,1695113531.0,88553824014950940,963
603,2422,1695113531.0,0,964
604,2423,1695113531.0,0,965
604,2424,1695113447.0,0,966
605,1824,1695113411.0,0,967
605,2158,1695113471.0,0,968
605,2425,1695113411.0,1264618690000000000,969
606,1824,1695113531.0,0,970
607,2426,1695113531.0,35029122664024078,971
607,2427,1695113483.0,17581615152033615,972
608,1812,1695113519.0,4072450,973
609,1819,1695113519.0,0,974
610,2428,1695113519.0,1695113519,975
611,1812,1695113375.0,7055110,976
612,1823,1695113519.0,0,977
613,1812,1695113375.0,8477698,978
614,1824,1695113483.0,0,979
615,1817,1695113519.0,0,980
616,1817,1695113519.0,0,981
617,1817,1695113519.0,0,982
618,1817,1695113351.0,0,983
619,1811,1695113519.0,0,984
620,1824,1695113519.0,0,985
621,1811,1695113519.0,0,986
621,2190,1695113507.0,100000000000000000,987
622,2429,1695113375.0,0,988
623,2430,1695113519.0,0,989
624,2431,1695113375.0,0,990
625,1817,1695113519.0,918083627343409,991
626,2432,1695113519.0,1142531253620000,992
627,1842,1695113519.0,0,993
628,1824,1695113519.0,0,994
629,2397,1695113519.0,0,995
630,2433,1695113519.0,171910210000000000,996
630,1824,1695113423.0,0,997
631,2434,1695113519.0,9561360000000000,998
631,2435,1695113411.0,26836550000000000,999
632,2436,1695113519.0,675000000000000000,1000
633,1824,1695113519.0,0,1001
634,2437,1695113519.0,3500000000000000,1002
635,2438,1695113519.0,0,1003
635,2439,1695113483.0,3202701420000000000,1004
635,2440,1695113459.0,76299310000000000,1005
635,2441,1695113411.0,0,1006
636,1922,1695113519.0,630371281500000000,1007
637,1922,1695113519.0,10805244373374464611,1008
638,2442,1695113519.0,0,1009
639,2443,1695113519.0,0,1010
640,2444,1695113519.0,0,1011
641,1922,1695113519.0,28666896373524155,1012
641,1831,1695113375.0,22034227450469652,1013
642,2445,1695113519.0,100000000000000000,1014
642,2446,1695113459.0,0,1015
643,2447,1695113519.0,21047990000000000,1016
644,1824,1695113519.0,0,1017
644,2448,1695113495.0,1556000010000000000,1018
645,1934,1695113519.0,0,1019
646,1903,1695113519.0,0,1020
647,2449,1695113519.0,12824970502567844,1021
648,1903,1695113519.0,0,1022
649,1819,1695113519.0,0,1023
650,2450,1695113519.0,29393298000000000,1024
651,1824,1695113519.0,0,1025
652,2451,1695113519.0,100000000000000000,1026
653,2452,1695113519.0,2249587559111259000,1027
654,1903,1695113519.0,0,1028
655,2284,1695113423.0,0,1029
656,1903,1695113519.0,0,1030
657,2453,1695113519.0,2005614127975677,1031
657,1824,1695113495.0,0,1032
658,2454,1695113483.0,2627049782550000,1033
658,1824,1695113435.0,0,1034
659,2033,1695113519.0,928724294682749000,1035
660,2455,1695113519.0,44247178661437,1036
660,1903,1695113483.0,0,1037
661,2456,1695113519.0,7000000000000000,1038
662,2035,1695113519.0,12000000000000000,1039
663,2065,1695113519.0,3329105631041044,1040
664,2111,1695113519.0,0,1041
665,2065,1695113519.0,3454483131041044,1042
666,2457,1695113519.0,36791297196828371,1043
667,2065,1695113519.0,3492167131041044,1044
668,2458,1695113519.0,113000000000000000,1045
669,2062,1695113519.0,0,1046
670,2035,1695113519.0,30000000000000000,1047
671,2061,1695113519.0,500000000000000000,1048
672,2459,1695113435.0,0,1049
672,2035,1695113471.0,0,1050
673,2460,1695113519.0,20000000000000000,1051
674,2031,1695113519.0,0,1052
674,2035,1695113423.0,200000000000000000,1053
675,2461,1695113447.0,10000000000000000,1054
676,2462,1695113519.0,12820819027997224,1055
676,2031,1695113483.0,0,1056
677,2065,1695113519.0,1999248764931041044,1057
678,2402,1695113519.0,0,1058
679,2226,1695113519.0,2204773322767952,1059
680,2463,1695113519.0,804035354917830886,1060
681,2464,1695113459.0,908811000000000000,1061
682,2465,1695113519.0,6378835316357611,1062
683,2466,1695113519.0,1846938120000000000,1063
684,2467,1695113519.0,0,1064
685,1824,1695113519.0,0,1065
686,2468,1695113519.0,18500000000000000,1066
687,2469,1695113519.0,0,1067
688,1815,1695113519.0,750000000000000000,1068
689,2035,1695113519.0,365000000000000000,1069
690,2035,1695113519.0,0,1070
690,1824,1695113495.0,0,1071
691,2101,1695113519.0,0,1072
692,2470,1695113519.0,108000000000000000,1073
693,2035,1695113519.0,0,1074
693,2471,1695113483.0,0,1075
694,2472,1695113519.0,105800000000000000,1076
695,2473,1695113519.0,20510896742426755,1077
696,2035,1695113519.0,0,1078
696,2474,1695113471.0,0,1079
697,2021,1695113519.0,1010000000000000,1080
698,1824,1695113519.0,0,1081
699,2475,1695113519.0,0,1082
700,1922,1695113519.0,2290391626000000000,1083
701,2476,1695113519.0,0,1084
702,2254,1695113519.0,0,1085
703,2477,1695113519.0,0,1086
704,2075,1695113519.0,0,1087
705,2075,1695113519.0,0,1088
706,2478,1695113519.0,0,1089
707,2479,1695113519.0,0,1090
708,2480,1695113519.0,0,1091
709,1832,1695113519.0,2000000000000000,1092
710,2481,1695113519.0,0,1093
711,2482,1695113375.0,0,1094
712,2120,1695113519.0,0,1095
713,1824,1695113519.0,0,1096
714,1824,1695113519.0,0,1097
715,1824,1695113519.0,0,1098
716,2483,1695113507.0,0,1099
717,2484,1695113507.0,18168885,1100
718,2483,1695113507.0,0,1101
719,2485,1695113507.0,0,1102
720,2483,1695113507.0,0,1103
721,2401,1695113507.0,124580000000000000,1104
722,1838,1695113507.0,56620740477428785,1105
723,2486,1695113507.0,88839742089749940,1106
724,2483,1695113507.0,0,1107
725,2396,1695113507.0,0,1108
726,2401,1695113507.0,633939383846000000,1109
727,1817,1695113507.0,0,1110
728,1817,1695113507.0,0,1111
729,2483,1695113507.0,0,1112
730,2401,1695113507.0,11138717463519000000,1113
731,2401,1695113507.0,293805070708000000,1114
732,2035,1695113507.0,150000000000000000,1115
733,2487,1695113507.0,61019571967592692,1116
734,2189,1695113507.0,10000000000000000,1117
734,1817,1695113495.0,0,1118
735,2488,1695113507.0,0,1119
736,1922,1695113507.0,2925103318419156745,1120
737,2489,1695113507.0,3000000000000000000,1121
738,2490,1695113507.0,8915000000009014,1122
738,2491,1695113471.0,9000000000000000,1123
738,1832,1695113375.0,7000000000000000,1124
739,2492,1695113507.0,1572382726659372,1125
739,1903,1695113423.0,0,1126
740,1922,1695113507.0,31418906026184664,1127
741,1814,1695113507.0,170000000000000000,1128
742,1814,1695113507.0,0,1129
742,2397,1695113495.0,0,1130
743,1824,1695113507.0,0,1131
744,1824,1695113507.0,0,1132
745,1824,1695113507.0,0,1133
746,2022,1695113507.0,0,1134
747,1832,1695113507.0,1100000000000000,1135
748,2493,1695113507.0,0,1136
749,2022,1695113507.0,0,1137
750,2494,1695113507.0,0,1138
751,2495,1695113507.0,0,1139
752,2278,1695113507.0,0,1140
753,2496,1695113507.0,4703195257822948,1141
754,2497,1695113507.0,200000000000000000,1142
755,2498,1695113507.0,0,1143
756,1824,1695113507.0,0,1144
757,2499,1695113507.0,13801213072090000,1145
758,1922,1695113507.0,49814917313000000,1146
759,2021,1695113507.0,5000000000000000,1147
760,2500,1695113507.0,0,1148
761,2031,1695113507.0,0,1149
762,2069,1695113507.0,0,1150
763,1922,1695113507.0,452891626000000000,1151
764,2034,1695113507.0,0,1152
765,2501,1695113411.0,0,1153
766,2502,1695113507.0,140000000000000000,1154
766,1903,1695113411.0,0,1155
766,1827,1695113411.0,0,1156
767,2503,1695113507.0,0,1157
768,2032,1695113507.0,30193145250636000,1158
769,2097,1695113507.0,0,1159
769,2504,1695113483.0,0,1160
770,2035,1695113507.0,30000000000000000,1161
771,2505,1695113507.0,209785562060195012,1162
772,2065,1695113507.0,3663712922041044,1163
773,1817,1695113507.0,0,1164
774,2065,1695113507.0,2262247992204753612,1165
775,2065,1695113507.0,3509327931041044,1166
776,2506,1695113507.0,100597033331572531,1167
776,2507,1695113447.0,0,1168
777,2508,1695113507.0,660872657822948,1169
778,2491,1695113507.0,28000000000000000,1170
779,2509,1695113507.0,86181000000000000,1171
780,2035,1695113507.0,0,1172
781,2510,1695113507.0,12210699799400710,1173
782,2086,1695113507.0,763269457822948,1174
783,2034,1695113507.0,0,1175
784,2511,1695113507.0,0,1176
785,2285,1695113507.0,0,1177
785,2078,1695113471.0,12300000000000000,1178
785,2021,1695113411.0,12300000000000000,1179
785,2032,1695113375.0,12493463027824000,1180
786,2035,1695113507.0,8000000000000000,1181
787,1815,1695113507.0,0,1182
788,1815,1695113507.0,0,1183
789,2512,1695113507.0,300000000000000000,1184
790,2069,1695113507.0,0,1185
791,2097,1695113507.0,1000000000000000,1186
791,2032,1695113507.0,14967227183868000,1187
791,2021,1695113507.0,13936000000000000,1188
792,2513,1695113507.0,0,1189
793,2033,1695113507.0,7123000000000000000,1190
794,2097,1695113507.0,0,1191
794,1831,1695113363.0,0,1192
795,2031,1695113507.0,0,1193
796,2514,1695113507.0,0,1194
797,1922,1695113507.0,8971371281500000000,1195
798,1824,1695113507.0,0,1196
799,2120,1695113507.0,0,1197
800,2515,1695113507.0,36609624341046578,1198
801,1824,1695113507.0,0,1199
802,2035,1695113507.0,0,1200
802,2516,1695113495.0,0,1201
803,2222,1695113507.0,0,1202
803,2318,1695113459.0,0,1203
803,1854,1695113459.0,0,1204
804,2517,1695113507.0,32000000000,1205
805,2518,1695113423.0,0,1206
806,2131,1695113507.0,77167734486581336,1207
806,2130,1695113447.0,59905569949064232,1208
807,2120,1695113495.0,0,1209
808,2519,1695113495.0,32471042,1210
809,2120,1695113495.0,591000000000000000,1211
810,2520,1695113495.0,0,1212
811,1810,1695113495.0,0,1213
812,1817,1695113495.0,0,1214
813,1817,1695113495.0,0,1215
814,1817,1695113495.0,0,1216
815,1817,1695113495.0,0,1217
816,2521,1695113495.0,0,1218
816,2522,1695113387.0,0,1219
817,1826,1695113495.0,12216,1220
818,2035,1695113495.0,0,1221
818,1824,1695113387.0,0,1222
819,2035,1695113495.0,20000000000000000,1223
820,2035,1695113435.0,867530900000000000,1224
821,2523,1695113495.0,0,1225
821,2524,1695113435.0,0,1226
822,1903,1695113495.0,0,1227
823,2396,1695113495.0,0,1228
824,2525,1695113495.0,1054819284372797,1229
824,2526,1695113495.0,1070235190521797,1230
824,2527,1695113495.0,1198114134504797,1231
825,2528,1695113495.0,0,1232
826,2529,1695113495.0,100000000000000000,1233
827,2530,1695113495.0,471259000000000,1234
828,2531,1695113495.0,259706000000000000,1235
829,2531,1695113495.0,569731112142148223,1236
830,2532,1695113495.0,0,1237
831,2533,1695113495.0,0,1238
832,2534,1695113495.0,29900000000000000,1239
833,2535,1695113495.0,0,1240
833,2035,1695113375.0,0,1241
834,1842,1695113495.0,0,1242
835,2078,1695113495.0,0,1243
836,1824,1695113495.0,0,1244
837,2536,1695113495.0,1585000000000000000,1245
838,2537,1695113495.0,553020000000000,1246
839,1903,1695113495.0,0,1247
839,1824,1695113399.0,0,1248
840,2538,1695113495.0,0,1249
841,2539,1695113495.0,132181197234400000,1250
842,2540,1695113495.0,68665192648687475,1251
842,2541,1695113495.0,518880548982525,1252
843,2542,1695113495.0,710000000000000000,1253
844,2543,1695113495.0,0,1254
845,2543,1695113495.0,0,1255
846,2543,1695113495.0,0,1256
847,2543,1695113495.0,0,1257
848,1922,1695113495.0,159613656887779688,1258
848,1815,1695113411.0,12000000000000,1259
849,2543,1695113495.0,0,1260
850,2543,1695113495.0,0,1261
851,2543,1695113495.0,0,1262
852,1824,1695113495.0,0,1263
853,1824,1695113495.0,0,1264
854,1824,1695113495.0,0,1265
855,2544,1695113495.0,0,1266
856,2545,1695113495.0,0,1267
856,2546,1695113411.0,0,1268
857,1824,1695113495.0,0,1269
858,2547,1695113495.0,0,1270
859,1934,1695113495.0,0,1271
860,2548,1695113495.0,0,1272
861,1903,1695113495.0,0,1273
862,2549,1695113495.0,3000000000000000,1274
863,1824,1695113495.0,0,1275
864,1824,1695113495.0,0,1276
865,2410,1695113495.0,0,1277
866,1824,1695113495.0,0,1278
867,2550,1695113495.0,0,1279
868,1824,1695113495.0,0,1280
869,2551,1695113495.0,53061200000000000,1281
870,1864,1695113495.0,0,1282
871,2552,1695113495.0,2000000000000000,1283
872,2031,1695113495.0,0,1284
873,2065,1695113495.0,3615231231041044,1285
874,2553,1695113495.0,200000000000000000,1286
875,2034,1695113495.0,0,1287
876,2554,1695113495.0,0,1288
877,1903,1695113399.0,0,1289
878,2021,1695113495.0,198000000000000000,1290
879,2555,1695113495.0,2780000000000000000,1291
880,2556,1695113495.0,700000000000000,1292
881,2557,1695113495.0,1840000000000000,1293
882,2558,1695113495.0,84760000000000000,1294
883,2559,1695113495.0,0,1295
884,2560,1695113495.0,0,1296
884,2035,1695113471.0,10000000000000000,1297
885,2561,1695113495.0,152000000000000000,1298
886,2562,1695113495.0,0,1299
887,2563,1695113495.0,496151443732573977,1300
887,1824,1695113471.0,0,1301
888,2564,1695113495.0,0,1302
889,2565,1695113495.0,0,1303
890,2097,1695113495.0,180000000000000000,1304
891,2566,1695113495.0,14017930500661000,1305
892,1824,1695113495.0,0,1306
892,2567,1695113459.0,56000000000000000,1307
893,2568,1695113495.0,10000000000000000,1308
894,1817,1695113495.0,125438787570740120,1309
895,1824,1695113495.0,0,1310
896,2028,1695113495.0,253874545730192000,1311
897,2032,1695113495.0,40193672304684000,1312
898,2569,1695113495.0,641852687665740,1313
899,2570,1695113495.0,0,1314
899,2036,1695113459.0,28219138020940589,1315
900,2130,1695113459.0,338609161514794944,1316
901,2571,1695113339.0,10000000000000000000,1317
902,2572,1695113351.0,190489169,1318
903,2451,1695113483.0,82006470523289700,1319
904,2573,1695113483.0,69695000000000000,1320
905,1824,1695113483.0,0,1321
906,1903,1695113483.0,0,1322
907,2574,1695113483.0,821797478447200080,1323
907,1832,1695113435.0,9800000000000000,1324
908,2222,1695113483.0,0,1325
908,2318,1695113435.0,0,1326
908,1854,1695113435.0,0,1327
909,1824,1695113483.0,0,1328
910,2575,1695113483.0,9147624361953200,1329
911,1824,1695113483.0,0,1330
912,2576,1695113483.0,0,1331
913,2061,1695113483.0,100000000000000000,1332
914,1903,1695113483.0,0,1333
915,2577,1695113483.0,0,1334
915,2578,1695113459.0,0,1335
915,2579,1695113387.0,999645871887506000,1336
916,2580,1695113483.0,868532986546944,1337
916,2581,1695113423.0,0,1338
916,2080,1695113363.0,0,1339
917,1824,1695113483.0,0,1340
918,1824,1695113483.0,0,1341
919,1824,1695113483.0,0,1342
920,2582,1695113483.0,13139000000000000,1343
921,2583,1695113483.0,1000000000000,1344
922,1831,1695113483.0,0,1345
923,2278,1695113483.0,0,1346
924,2584,1695113483.0,0,1347
925,2065,1695113483.0,3248764931041044,1348
926,2065,1695113483.0,10847264931041044,1349
927,1922,1695113483.0,66441626000000000,1350
928,2035,1695113483.0,0,1351
929,2101,1695113483.0,426889136891149400,1352
930,1934,1695113483.0,0,1353
931,1824,1695113483.0,0,1354
932,2585,1695113483.0,60000000000000000,1355
933,2586,1695113483.0,3072360000000000,1356
934,1840,1695113483.0,333544318645675262,1357
935,2587,1695113483.0,0,1358
936,2271,1695113471.0,0,1359
936,1824,1695113375.0,0,1360
937,2588,1695113483.0,0,1361
937,2285,1695113339.0,0,1362
938,2589,1695113483.0,0,1363
939,2590,1695113483.0,0,1364
940,1824,1695113483.0,0,1365
941,1817,1695113483.0,0,1366
941,2591,1695113471.0,0,1367
942,2120,1695113483.0,0,1368
943,2592,1695113483.0,0,1369
944,1824,1695113483.0,0,1370
945,2593,1695113483.0,120000000000000000,1371
946,2406,1695113483.0,14500000000009006,1372
947,2594,1695113483.0,0,1373
948,2595,1695113483.0,0,1374
949,2596,1695113483.0,0,1375
950,1824,1695113483.0,0,1376
951,2065,1695113483.0,122948764931041044,1377
952,2035,1695113483.0,66000000000000000,1378
953,2034,1695113483.0,0,1379
954,2597,1695113483.0,356099391728705000,1380
955,1824,1695113483.0,0,1381
956,1824,1695113483.0,0,1382
957,1824,1695113483.0,0,1383
958,1824,1695113483.0,0,1384
959,2035,1695113483.0,100000000000000000,1385
960,1824,1695113483.0,0,1386
961,1922,1695113483.0,11286104667669545,1387
962,2111,1695113483.0,0,1388
963,2598,1695113483.0,0,1389
963,2599,1695113387.0,3200000000000000000,1390
964,1831,1695113435.0,22493965041368804,1391
965,2600,1695113483.0,73730864273713000,1392
966,2065,1695113483.0,1092249088554766524,1393
967,2034,1695113483.0,0,1394
968,2035,1695113483.0,70000000000000000,1395
969,2120,1695113483.0,0,1396
970,1824,1695113483.0,0,1397
971,2514,1695113483.0,0,1398
972,2120,1695113483.0,175500000000000000,1399
973,2033,1695113483.0,18176372246829656,1400
973,1922,1695113375.0,50391626000000000,1401
974,2062,1695113483.0,0,1402
974,2601,1695113435.0,3000000000000000,1403
975,1824,1695113483.0,0,1404
976,2097,1695113483.0,16500000000000000,1405
977,2035,1695113483.0,0,1406
977,2031,1695113435.0,0,1407
978,2034,1695113483.0,0,1408
979,1812,1695113375.0,10289666,1409
980,2101,1695113471.0,0,1410
981,2602,1695113471.0,18168882,1411
982,1826,1695113471.0,12476,1412
983,1812,1695113375.0,5705730,1413
984,2031,1695113471.0,0,1414
985,2396,1695113471.0,0,1415
986,2603,1695113471.0,0,1416
987,1811,1695113471.0,0,1417
987,1810,1695113459.0,1020000000000000000,1418
988,1811,1695113471.0,0,1419
988,1810,1695113459.0,450000000000000000,1420
989,1824,1695113471.0,0,1421
990,2428,1695113471.0,1695113471,1422
991,1826,1695113375.0,12316,1423
992,2604,1695113471.0,2275000000000000,1424
992,2605,1695113435.0,8750000000000000,1425
992,2606,1695113435.0,2275000000000000,1426
992,2607,1695113435.0,2275000000000000,1427
993,2608,1695113471.0,9002635137923763000,1428
994,2608,1695113471.0,3786589352674601366,1429
995,2609,1695113471.0,31100810000000000,1430
996,1838,1695113471.0,1006713515856905000,1431
997,2610,1695113471.0,1262388562525129000,1432
998,2611,1695113471.0,0,1433
998,2612,1695113447.0,0,1434
999,2613,1695113471.0,26723000000000000,1435
1000,1824,1695113471.0,0,1436
1001,2362,1695113471.0,7867059220596600,1437
1002,2362,1695113471.0,7867029601700000,1438
1003,2362,1695113471.0,7866992218482881,1439
1004,2362,1695113471.0,7866971101700000,1440
1005,2362,1695113471.0,7866986741146200,1441
1006,1842,1695113471.0,0,1442
1007,2035,1695113375.0,5000000000000000,1443
1008,1824,1695113471.0,0,1444
1009,2614,1695113471.0,0,1445
1010,1811,1695113471.0,0,1446
1010,1810,1695113459.0,85000000000000000,1447
1011,1811,1695113471.0,0,1448
1011,1810,1695113459.0,85000000000000000,1449
1012,2615,1695113471.0,1218654946604568,1450
1013,2616,1695113459.0,29212043887264000,1451
1014,2617,1695113471.0,90113957246818000,1452
1015,2189,1695113471.0,10000000000000000,1453
1015,1817,1695113459.0,0,1454
1016,1922,1695113471.0,36549741597845006,1455
1017,2618,1695113471.0,806907500000000,1456
1018,2619,1695113471.0,646030000000000,1457
1019,2620,1695113471.0,806907500000000,1458
1020,2621,1695113471.0,817266000000000,1459
1020,2622,1695113411.0,31436810000000000,1460
1020,2623,1695113411.0,2744140000000000,1461
1020,2624,1695113351.0,604402480000000000,1462
1021,2029,1695113471.0,0,1463
1021,2625,1695113459.0,610476603501854000,1464
1021,2626,1695113411.0,457526316428971900,1465
1022,1934,1695113471.0,0,1466
1023,1824,1695113471.0,0,1467
1024,1903,1695113471.0,0,1468
1025,2627,1695113471.0,31412531370768967,1469
1025,2035,1695113387.0,0,1470
1026,2628,1695113471.0,2000000000000000000,1471
1027,2629,1695113471.0,253154990000000000,1472
1028,2630,1695113471.0,264769448394505311,1473
1028,1817,1695113411.0,0,1474
1029,2631,1695113471.0,0,1475
1030,2632,1695113471.0,0,1476
1031,2021,1695113471.0,12219177181755136,1477
1032,1922,1695113471.0,36880000000000000,1478
1033,2633,1695113471.0,120800000000000000,1479
1034,2065,1695113471.0,129948764931041044,1480
1035,2035,1695113471.0,3000000000000000,1481
1036,1831,1695113471.0,350000000000000000,1482
1037,2634,1695113471.0,75000000000000000,1483
1038,2635,1695113471.0,11000000000000000,1484
1039,1864,1695113375.0,0,1485
1040,2636,1695113471.0,6600000000000000,1486
1041,2032,1695113471.0,60193764879572000,1487
1042,2637,1695113471.0,0,1488
1043,2062,1695113471.0,0,1489
1044,2638,1695113471.0,1831000000000000,1490
1045,2639,1695113471.0,100000000000000000,1491
1046,1824,1695113471.0,0,1492
1047,1822,1695113471.0,410000000000000000,1493
1048,2640,1695113471.0,230000000000000000,1494
1049,2641,1695113471.0,0,1495
1050,2642,1695113471.0,12002900000000000,1496
1051,2035,1695113471.0,48000000000000000,1497
1052,2066,1695113459.0,0,1498
1053,2602,1695113459.0,18168881,1499
1054,1817,1695113459.0,0,1500
1055,1826,1695113459.0,12256,1501
1056,1826,1695113459.0,12556,1502
1057,1817,1695113387.0,0,1503
1058,1824,1695113459.0,0,1504
1059,2643,1695113351.0,344178793745,1505
1060,2644,1695113459.0,0,1506
1061,2643,1695113459.0,822100155409,1507
1062,1812,1695113411.0,571906,1508
1063,1812,1695113375.0,12984322,1509
1064,2645,1695113459.0,200800000000000000,1510
1065,2646,1695113459.0,38043114015533090,1511
1065,2647,1695113435.0,0,1512
1065,2648,1695113375.0,0,1513
1066,1824,1695113459.0,0,1514
1067,2649,1695113459.0,2095200000000000,1515
1068,1824,1695113399.0,0,1516
1069,2650,1695113459.0,0,1517
1070,1824,1695113411.0,0,1518
1071,2651,1695113459.0,0,1519
1072,2652,1695113459.0,72733071373719750,1520
1073,2531,1695113459.0,232927000000000000,1521
1074,2035,1695113459.0,22000000000000000,1522
1075,2653,1695113459.0,118362000000000000,1523
1076,2654,1695113459.0,72200000000000000,1524
1076,2655,1695113459.0,269900000000000000,1525
1077,2656,1695113459.0,162517911751333945,1526
1078,2616,1695113459.0,49742043887264000,1527
1079,2616,1695113459.0,60699253887264000,1528
1080,2616,1695113459.0,14438873887264000,1529
1081,2616,1695113459.0,24119803887264000,1530
1082,2616,1695113459.0,41752883887264000,1531
1083,2616,1695113459.0,42573023887264000,1532
1084,2657,1695113459.0,675000000000000000,1533
1085,2658,1695113459.0,78084929069507599,1534
1086,2051,1695113459.0,425251288346745896,1535
1087,2065,1695113459.0,1050448764931041044,1536
1088,2659,1695113459.0,0,1537
1089,2660,1695113435.0,0,1538
1090,1903,1695113459.0,0,1539
1091,2032,1695113399.0,60193483171004000,1540
1092,1903,1695113459.0,0,1541
1093,1824,1695113459.0,0,1542
1094,2532,1695113435.0,0,1543
1095,2592,1695113459.0,0,1544
1095,1817,1695113447.0,4000000000000000000,1545
1096,1824,1695113399.0,0,1546
1097,2661,1695113459.0,354327431548556394,1547
1097,2662,1695113411.0,0,1548
1098,2451,1695113459.0,0,1549
1099,2663,1695113459.0,0,1550
1100,2664,1695113459.0,514914430745634,1551
1101,2036,1695113387.0,20000000000000000,1552
1102,2035,1695113459.0,613759158140397221,1553
1103,2665,1695113459.0,0,1554
1104,2065,1695113459.0,119948764931041044,1555
1105,2035,1695113459.0,0,1556
1105,2666,1695113423.0,0,1557
1106,1824,1695113459.0,0,1558
1107,2062,1695113459.0,0,1559
1108,2115,1695113459.0,0,1560
1109,2667,1695113459.0,0,1561
1110,2070,1695113459.0,800000000000000,1562
1111,1903,1695113459.0,0,1563
1112,2065,1695113459.0,1420248764931041044,1564
1113,2668,1695113459.0,1760470043146370568,1565
1114,2094,1695113435.0,20000000000000000,1566
1115,2032,1695113459.0,780193894362812000,1567
1116,2669,1695113459.0,6827255490520522,1568
1117,2670,1695113459.0,0,1569
1118,2671,1695113459.0,7100000000009014,1570
1118,1922,1695113423.0,491626000000000,1571
1119,2672,1695113387.0,177113000000000047,1572
1119,2017,1695113375.0,2997000000000000025,1573
1120,2035,1695113459.0,450000000000000000,1574
1121,2021,1695113459.0,3300000000000000,1575
1121,2032,1695113411.0,0,1576
1122,2528,1695113459.0,0,1577
1123,2031,1695113459.0,0,1578
1124,2673,1695113459.0,80000000000000000,1579
1125,2034,1695113459.0,0,1580
1126,1848,1695113459.0,0,1581
1127,2674,1695113459.0,0,1582
1128,2402,1695113459.0,0,1583
1129,2034,1695113459.0,0,1584
1130,2675,1695113459.0,0,1585
1131,2676,1695113459.0,5000000000000000,1586
1132,2120,1695113459.0,542000000000000064,1587
1133,1903,1695113459.0,0,1588
1134,2677,1695113411.0,0,1589
1135,2678,1695113411.0,0,1590
1136,2679,1695113447.0,98681000000000000,1591
1137,1813,1695113447.0,1,1592
1138,2401,1695113447.0,108938853040000000,1593
1139,2680,1695113447.0,0,1594
1140,1814,1695113447.0,0,1595
1141,2650,1695113447.0,0,1596
1142,1815,1695113447.0,1800000000000000000,1597
1143,2681,1695113447.0,0,1598
1144,2611,1695113447.0,4934254452413852736,1599
1145,2397,1695113447.0,0,1600
1146,1824,1695113447.0,0,1601
1147,1842,1695113447.0,0,1602
1148,1824,1695113447.0,0,1603
1149,1903,1695113447.0,0,1604
1150,2682,1695113447.0,23500000000000000000,1605
1151,1824,1695113447.0,0,1606
1152,2683,1695113447.0,1000000000000000000,1607
1153,2560,1695113447.0,0,1608
1153,1817,1695113435.0,10000000000000000,1609
1154,2684,1695113447.0,0,1610
1155,2685,1695113447.0,0,1611
1156,2686,1695113447.0,0,1612
1157,2344,1695113447.0,2335139000000000,1613
1158,2319,1695113447.0,109858874102842843,1614
1159,2319,1695113447.0,1111457006233931000,1615
1160,2687,1695113447.0,0,1616
1161,2688,1695113375.0,61061550000000000,1617
1162,1824,1695113447.0,0,1618
1163,2689,1695113447.0,593478322469189502,1619
1164,2690,1695113447.0,0,1620
1165,2528,1695113447.0,0,1621
1166,2087,1695113447.0,15000000000000000,1622
1167,2346,1695113447.0,2000000000000000,1623
1168,2035,1695113447.0,3000000000000000,1624
1169,2691,1695113447.0,2000000000000000000,1625
1170,2414,1695113447.0,15500000000000000000,1626
1171,2692,1695113447.0,3050000000000000,1627
1172,1903,1695113447.0,0,1628
1173,2693,1695113447.0,312234000000000000,1629
1174,2694,1695113447.0,200000000000000000,1630
1175,2035,1695113447.0,0,1631
1175,2031,1695113411.0,0,1632
1176,1817,1695113447.0,0,1633
1177,1903,1695113447.0,0,1634
1178,2695,1695113447.0,57107288227648031,1635
1179,1832,1695113447.0,5875430000000000,1636
1180,2034,1695113447.0,0,1637
1181,2696,1695113447.0,6738500555548933058,1638
1182,2035,1695113447.0,0,1639
1182,2031,1695113423.0,0,1640
1183,2544,1695113447.0,1009000000000000000,1641
1184,2034,1695113447.0,0,1642
1185,2697,1695113447.0,158299955423098491,1643
1186,2035,1695113447.0,0,1644
1187,2115,1695113447.0,0,1645
1188,2065,1695113447.0,12135088554766524,1646
1189,1824,1695113447.0,0,1647
1190,2698,1695113447.0,0,1648
1190,2699,1695113447.0,0,1649
1190,2700,1695113435.0,0,1650
1190,2701,1695113435.0,0,1651
1190,2702,1695113435.0,0,1652
1190,2703,1695113435.0,0,1653
1190,2704,1695113435.0,0,1654
1190,2705,1695113435.0,0,1655
1190,2706,1695113411.0,0,1656
1190,2707,1695113411.0,0,1657
1190,2708,1695113411.0,0,1658
1190,2709,1695113411.0,0,1659
1190,2710,1695113387.0,0,1660
1190,2711,1695113387.0,0,1661
1190,2712,1695113387.0,0,1662
1190,2713,1695113375.0,0,1663
1190,2714,1695113375.0,0,1664
1190,2715,1695113351.0,0,1665
1190,2716,1695113363.0,0,1666
1190,2717,1695113351.0,0,1667
1191,2718,1695113447.0,0,1668
1192,2482,1695113447.0,0,1669
1193,1815,1695113447.0,20000000000000000,1670
1194,2491,1695113447.0,791000000000,1671
1195,1817,1695113435.0,0,1672
1196,1815,1695113435.0,0,1673
1197,1824,1695113435.0,0,1674
1198,1817,1695113435.0,55955371411249721,1675
1199,1826,1695113435.0,12376,1676
1200,1826,1695113435.0,12516,1677
1201,2719,1695113435.0,0,1678
1202,2720,1695113435.0,809109017547460,1679
1203,2029,1695113435.0,0,1680
1204,2721,1695113435.0,124462901122350000,1681
1205,1922,1695113363.0,30371281500000000,1682
1206,2032,1695113435.0,600193517965504000,1683
1207,1903,1695113435.0,0,1684
1208,2722,1695113435.0,0,1685
1209,1922,1695113435.0,11373626000000000,1686
1210,1922,1695113435.0,729391626000000000,1687
1211,2514,1695113435.0,0,1688
1212,2723,1695113435.0,14231380000000000,1689
1213,2723,1695113435.0,18019820000000000,1690
1214,2724,1695113435.0,9270402051331206,1691
1214,2725,1695113399.0,288397098106762630,1692
1214,2726,1695113339.0,10056820810102134,1693
1215,1824,1695113435.0,0,1694
1216,2727,1695113435.0,2880000000000000,1695
1216,2728,1695113351.0,1020000000000000,1696
1216,2729,1695113351.0,1020000000000000,1697
1217,2319,1695113435.0,651527853263489310,1698
1218,1824,1695113435.0,0,1699
1219,2319,1695113435.0,899487400000000000,1700
1220,2319,1695113435.0,134151545696690210,1701
1221,2532,1695113435.0,0,1702
1222,2730,1695113435.0,3000000000000000,1703
1223,2028,1695113435.0,4779141019490000,1704
1224,2028,1695113435.0,243554569449341168,1705
1225,2031,1695113435.0,0,1706
1226,2070,1695113435.0,4290660000000000,1707
1227,2417,1695113435.0,116220894446050000,1708
1228,2731,1695113435.0,0,1709
1228,2732,1695113411.0,0,1710
1229,1824,1695113435.0,0,1711
1230,1903,1695113435.0,0,1712
1231,1824,1695113435.0,0,1713
1231,2733,1695113423.0,202713750730240,1714
1232,2734,1695113435.0,30483625138998042,1715
1233,1827,1695113435.0,5000000000000000,1716
1234,2735,1695113435.0,0,1717
1234,1827,1695113435.0,0,1718
1235,2736,1695113435.0,410600000000000000,1719
1236,1824,1695113435.0,0,1720
1237,1824,1695113435.0,0,1721
1238,2036,1695113435.0,0,1722
1239,1922,1695113435.0,1000371281500000000,1723
1240,1922,1695113435.0,1147748026712769695,1724
1241,2036,1695113435.0,0,1725
1242,2033,1695113435.0,1000000000000000000,1726
1243,1824,1695113435.0,0,1727
1244,1832,1695113435.0,840000000000000,1728
1245,2502,1695113435.0,0,1729
1246,1831,1695113435.0,366900000000000000,1730
1247,1831,1695113435.0,196000000000000000,1731
1248,2737,1695113435.0,10000000000000000,1732
1249,2738,1695113435.0,210000000000000000,1733
1250,2021,1695113435.0,198000000000000000,1734
1251,2035,1695113435.0,284950682177963000,1735
1252,2035,1695113435.0,0,1736
1253,2034,1695113435.0,0,1737
1254,2097,1695113435.0,59000000000000000,1738
1255,2070,1695113435.0,600000000000000,1739
1256,2035,1695113435.0,50000000000000000,1740
1257,2032,1695113435.0,30193796403972000,1741
1258,2739,1695113435.0,13569319843402508,1742
1259,2035,1695113435.0,0,1743
1260,2031,1695113435.0,0,1744
1261,2740,1695113435.0,18799527799098850,1745
1262,2097,1695113435.0,274200000000000000,1746
1262,1827,1695113351.0,0,1747
1263,2741,1695113435.0,0,1748
1264,2034,1695113435.0,0,1749
1265,2742,1695113435.0,9014110000000000,1750
1266,2743,1695113435.0,450000000000000,1751
1267,2744,1695113435.0,679901671583295214,1752
1267,1827,1695113375.0,0,1753
1267,2409,1695113351.0,0,1754
1268,2035,1695113435.0,25129525051874087,1755
1269,1824,1695113435.0,0,1756
1270,2745,1695113435.0,59016849609724116,1757
1271,2406,1695113435.0,8434000000009023,1758
1272,2406,1695113435.0,26200000000009002,1759
1273,2034,1695113435.0,0,1760
1274,1824,1695113435.0,0,1761
1275,2746,1695113387.0,0,1762
1275,2747,1695113423.0,0,1763
1276,2748,1695113435.0,0,1764
1277,2749,1695113435.0,5000000000000000,1765
1278,2750,1695113435.0,496894075254715698,1766
1278,1824,1695113411.0,0,1767
1279,2035,1695113375.0,15659004321542960,1768
1280,2031,1695113435.0,0,1769
1281,2560,1695113435.0,0,1770
1281,1817,1695113375.0,20000000000000000,1771
1282,2751,1695113435.0,0,1772
1283,1815,1695113435.0,2000000000000000000,1773
1284,2752,1695113435.0,252000000000000000,1774
1285,2595,1695113435.0,4980000000000000000,1775
1286,2101,1695113435.0,0,1776
1286,2592,1695113399.0,0,1777
1287,2753,1695113435.0,5023459178375361,1778
1288,1864,1695113435.0,0,1779
1289,2065,1695113435.0,6867849088554766524,1780
1290,1824,1695113435.0,0,1781
1291,2035,1695113435.0,38099792435748793,1782
1292,1824,1695113435.0,0,1783
1293,2754,1695113435.0,1200000000000000,1784
1294,1831,1695113435.0,0,1785
1295,1817,1695113423.0,8452000000000000000,1786
1295,2755,1695113423.0,100000,1787
1296,2389,1695113423.0,0,1788
1297,2756,1695113423.0,0,1789
1298,1887,1695113423.0,0,1790
1299,1836,1695113423.0,3985592000000000,1791
1300,1824,1695113423.0,0,1792
1301,1824,1695113423.0,0,1793
1302,2757,1695113423.0,26421180000000000,1794
1303,2758,1695113423.0,16345,1795
1304,2348,1695113423.0,0,1796
1305,1842,1695113423.0,0,1797
1306,1824,1695113423.0,0,1798
1307,2759,1695113423.0,37794863197984638,1799
1308,1824,1695113423.0,0,1800
1309,2514,1695113423.0,0,1801
1310,1922,1695113423.0,1464086400994264042,1802
1311,2760,1695113423.0,1526957363323000,1803
1312,1824,1695113423.0,0,1804
1313,2761,1695113423.0,25833590000000000,1805
1314,1817,1695113423.0,4000000000000000000,1806
1314,2762,1695113411.0,0,1807
1315,2763,1695113423.0,20769000000000000,1808
1316,2764,1695113423.0,853523221928230900,1809
1317,2765,1695113423.0,95852280218931337,1810
1318,2531,1695113387.0,192739737875138645,1811
1319,1824,1695113423.0,0,1812
1320,2766,1695113423.0,400000000000000000,1813
1321,2028,1695113423.0,89575970020099000,1814
1322,2035,1695113423.0,0,1815
1323,2097,1695113423.0,60000000000000000,1816
1324,2767,1695113423.0,0,1817
1325,2768,1695113423.0,213000000000000000,1818
1326,2528,1695113423.0,0,1819
1327,2769,1695113423.0,0,1820
1328,2034,1695113423.0,0,1821
1329,2770,1695113411.0,0,1822
1330,2771,1695113423.0,0,1823
1331,2065,1695113423.0,10599088554766524,1824
1332,2065,1695113423.0,10300249088554766524,1825
1333,2034,1695113423.0,0,1826
1334,2772,1695113423.0,10980363450030196,1827
1335,2066,1695113423.0,68785499998876978478,1828
1336,2570,1695113423.0,0,1829
1336,2773,1695113375.0,47533075048095895,1830
1337,2035,1695113423.0,0,1831
1338,2774,1695113423.0,4000000000000000,1832
1339,2035,1695113423.0,2250000000000000000,1833
1340,1922,1695113423.0,1235386989284286612,1834
1341,2775,1695113423.0,5000000000000000,1835
1342,1824,1695113423.0,0,1836
1343,1824,1695113423.0,0,1837
1344,2118,1695113423.0,0,1838
1345,2065,1695113423.0,13119138421714985,1839
1346,1831,1695113423.0,0,1840
1347,2776,1695113423.0,647000000000,1841
1348,2777,1695113423.0,63806353734013319,1842
1349,2778,1695113411.0,8251936016670000,1843
1350,2779,1695113411.0,1459229741825069,1844
1351,1826,1695113411.0,12456,1845
1352,2780,1695113411.0,0,1846
1353,1817,1695113411.0,250000000000000000,1847
1354,2781,1695113411.0,9590000000000000,1848
1355,2782,1695113411.0,42945000000000000,1849
1356,1903,1695113411.0,0,1850
1357,2783,1695113411.0,17566335060000002000,1851
1358,2396,1695113411.0,0,1852
1359,1824,1695113411.0,0,1853
1360,2784,1695113411.0,0,1854
1361,2785,1695113411.0,249160000000000000,1855
1362,2786,1695113411.0,71938698533898000,1856
1363,1838,1695113411.0,256600415411244270,1857
1364,2397,1695113411.0,0,1858
1364,1817,1695113399.0,20000000000000000,1859
1365,1840,1695113411.0,99722765889049000,1860
1366,1817,1695113411.0,0,1861
1367,1817,1695113411.0,50000000000000000,1862
1368,1817,1695113411.0,100000000000000000,1863
1369,2787,1695113387.0,0,1864
1370,2031,1695113411.0,0,1865
1371,2788,1695113411.0,16543079370424000,1866
1372,2789,1695113411.0,0,1867
1372,2790,1695113363.0,0,1868
1373,2362,1695113411.0,7833471907100000,1869
1374,2362,1695113411.0,7833385314880990,1870
1375,2362,1695113411.0,7833388907100000,1871
1376,2362,1695113411.0,7833385314880990,1872
1377,2362,1695113411.0,7833370621196645,1873
1378,1824,1695113411.0,0,1874
1379,2791,1695113411.0,32590811514310084,1875
1380,2792,1695113411.0,0,1876
1381,2402,1695113411.0,0,1877
1382,2793,1695113411.0,34402654660576932,1878
1383,2794,1695113411.0,0,1879
1384,1903,1695113411.0,0,1880
1385,1824,1695113411.0,0,1881
1386,2795,1695113411.0,1111750420000000000,1882
1387,2796,1695113411.0,0,1883
1388,2797,1695113411.0,99757450000000000,1884
1389,2798,1695113411.0,0,1885
1390,2799,1695113411.0,43898141019490000,1886
1391,2799,1695113411.0,140701841019490000,1887
1392,2800,1695113411.0,0,1888
1393,1903,1695113411.0,0,1889
1394,2801,1695113411.0,54900980000000000,1890
1395,1824,1695113411.0,0,1891
1396,2802,1695113411.0,92724000000000000,1892
1396,2803,1695113399.0,15855000000000000,1893
1396,2804,1695113387.0,33298000000000000,1894
1396,2805,1695113375.0,153475000000000000,1895
1397,2806,1695113411.0,30199690000007000,1896
1398,1824,1695113411.0,0,1897
1399,2807,1695113411.0,18039413778606868000,1898
1400,2808,1695113411.0,3304058183886106,1899
1401,2371,1695113411.0,0,1900
1402,2809,1695113411.0,0,1901
1403,2028,1695113411.0,221247768463563059,1902
1404,2028,1695113411.0,111009636281434000,1903
1405,2028,1695113411.0,32631116281434000,1904
1406,2028,1695113411.0,305576526281434000,1905
1407,2028,1695113411.0,69110146281434000,1906
1408,2028,1695113411.0,121116526281434000,1907
1409,2028,1695113411.0,34942023999628000,1908
1410,2028,1695113411.0,89687076281434000,1909
1411,2028,1695113411.0,47065786281434000,1910
1412,2028,1695113411.0,15618376281434000,1911
1413,2028,1695113411.0,90909767875167330,1912
1414,2810,1695113411.0,0,1913
1414,1827,1695113339.0,0,1914
1414,2811,1695113339.0,0,1915
1415,2078,1695113399.0,0,1916
1416,1824,1695113411.0,0,1917
1417,1815,1695113411.0,970300400000000000,1918
1418,2065,1695113411.0,3500248988471012204,1919
1419,2097,1695113411.0,0,1920
1420,2637,1695113411.0,0,1921
1421,2812,1695113411.0,12200000000000000,1922
1422,2065,1695113411.0,119549088554766524,1923
1423,2813,1695113411.0,0,1924
1424,2035,1695113411.0,50000000000000000,1925
1425,2814,1695113411.0,100000000000000000,1926
1426,2286,1695113411.0,0,1927
1427,2815,1695113411.0,188452742667836059,1928
1428,2035,1695113411.0,0,1929
1428,2031,1695113375.0,0,1930
1429,2031,1695113411.0,0,1931
1430,2816,1695113411.0,3000000000000000000,1932
1431,2817,1695113411.0,997609343501468571,1933
1432,2818,1695113411.0,80999688050000000000,1934
1433,2819,1695113411.0,12212552771255322,1935
1434,2820,1695113411.0,20000000000000000,1936
1435,2821,1695113411.0,0,1937
1436,2822,1695113411.0,0,1938
1437,2034,1695113411.0,0,1939
1438,1922,1695113411.0,45220000000000000,1940
1439,2823,1695113411.0,0,1941
1440,2065,1695113411.0,1270249088554766524,1942
1441,1824,1695113411.0,0,1943
1442,2824,1695113351.0,0,1944
1443,2796,1695113411.0,0,1945
1443,1824,1695113375.0,0,1946
1444,2825,1695113411.0,0,1947
1445,2826,1695113411.0,0,1948
1446,2065,1695113411.0,1801749088554766524,1949
1447,2827,1695113411.0,2013360000000000,1950
1448,2828,1695113387.0,0,1951
1449,2491,1695113411.0,200000000000000000,1952
1450,1824,1695113411.0,0,1953
1451,2829,1695113411.0,2000000000000000000,1954
1452,1922,1695113411.0,6810371281500000000,1955
1453,2033,1695113411.0,50000000000000,1956
1454,1922,1695113411.0,15360371281500000000,1957
1455,1815,1695113411.0,64057587298442498,1958
1456,1815,1695113411.0,0,1959
1457,1832,1695113411.0,5060000000000000,1960
1458,2830,1695113411.0,0,1961
1459,2831,1695113411.0,104256601762642620,1962
1459,2832,1695113351.0,63658486120274760,1963
1460,2833,1695113411.0,6720341168922400000,1964
1461,2834,1695113411.0,70000000000000000,1965
1462,2035,1695113351.0,0,1966
1463,2490,1695113411.0,989429000000009002,1967
1464,2835,1695113411.0,0,1968
1465,2065,1695113411.0,107699862232707296,1969
1466,2836,1695113411.0,5067629373955678,1970
1467,2222,1695113411.0,0,1971
1467,1854,1695113375.0,0,1972
1467,2318,1695113363.0,0,1973
1468,2837,1695113399.0,0,1974
1468,1817,1695113387.0,50000000000000000,1975
1469,2838,1695113399.0,1329286474515156000,1976
1470,1817,1695113399.0,123525936934993708,1977
1471,1922,1695113399.0,590371281500000000,1978
1472,1824,1695113399.0,0,1979
1473,2031,1695113399.0,0,1980
1473,1814,1695113387.0,200000000000000000,1981
1474,1824,1695113399.0,0,1982
1475,2514,1695113399.0,0,1983
1476,1922,1695113399.0,145371281500000000,1984
1477,2347,1695113399.0,0,1985
1477,2839,1695113375.0,0,1986
1478,2840,1695113399.0,0,1987
1479,2651,1695113399.0,0,1988
1480,2035,1695113399.0,0,1989
1481,2035,1695113399.0,600000000000000000,1990
1482,2516,1695113399.0,0,1991
1483,2035,1695113399.0,0,1992
1484,2841,1695113399.0,366200555707375000,1993
1485,1864,1695113399.0,6230796014740957,1994
1486,2528,1695113399.0,0,1995
1487,2031,1695113399.0,0,1996
1488,2842,1695113399.0,20000000000000000,1997
1489,2034,1695113399.0,0,1998
1490,1815,1695113399.0,100000000000000000,1999
1491,2036,1695113399.0,0,2000
1492,2033,1695113399.0,1418500000000000,2001
1493,1885,1695113399.0,0,2002
1494,2096,1695113399.0,0,2003
1495,2843,1695113399.0,0,2004
1496,2844,1695113399.0,5000000000000000,2005
1497,2845,1695113399.0,651777993255151600,2006
1498,1903,1695113399.0,0,2007
1499,1824,1695113399.0,0,2008
1500,1824,1695113399.0,0,2009
1501,2846,1695113399.0,0,2010
1502,2847,1695113399.0,381454000000000,2011
1503,1842,1695113399.0,0,2012
1504,2848,1695113399.0,10000000000000000,2013
1505,1827,1695113399.0,0,2014
1506,2021,1695113399.0,23400000000000000000,2015
1507,1922,1695113399.0,1283871281500000000,2016
1508,2451,1695113399.0,50000000000000000,2017
1509,2849,1695113399.0,320295770265570750,2018
1510,2850,1695113399.0,0,2019
1511,2851,1695113399.0,18267215562534539,2020
1512,1903,1695113399.0,0,2021
1513,2852,1695113399.0,30825000000000000,2022
1514,2853,1695113399.0,0,2023
1515,1815,1695113387.0,1000000000000000000,2024
1516,2531,1695113387.0,945000000000,2025
1517,2854,1695113387.0,18261820000000000,2026
1518,2855,1695113387.0,7980000000000000,2027
1519,1818,1695113387.0,767594186297401740,2028
1520,2856,1695113387.0,3047717985000000,2029
1521,2222,1695113387.0,0,2030
1522,1824,1695113387.0,0,2031
1523,2857,1695113387.0,6400000000000000,2032
1524,2858,1695113387.0,3106611611148546,2033
1525,2859,1695113387.0,9009908841197988,2034
1526,2860,1695113387.0,69997146282306645,2035
1527,2861,1695113375.0,0,2036
1528,2862,1695113387.0,1174937685433153,2037
1529,2863,1695113387.0,0,2038
1530,2864,1695113387.0,0,2039
1531,1824,1695113387.0,0,2040
1532,2865,1695113351.0,0,2041
1533,2032,1695113387.0,30193450447108000,2042
1534,2413,1695113387.0,1000000000000000,2043
1535,1922,1695113387.0,9090371281500000000,2044
1536,2034,1695113387.0,0,2045
1537,2285,1695113387.0,0,2046
1538,2866,1695113387.0,11496841068117189629,2047
1539,2867,1695113387.0,123917661291054,2048
1540,2868,1695113387.0,3500000000000000000,2049
1541,2065,1695113387.0,1107648988471012204,2050
1542,2035,1695113387.0,308574752710107000,2051
1543,2611,1695113387.0,0,2052
1544,1824,1695113387.0,0,2053
1545,2035,1695113387.0,30000000000000000,2054
1546,2869,1695113387.0,279089930000000000,2055
1547,1815,1695113387.0,0,2056
1548,1824,1695113387.0,0,2057
1549,1824,1695113387.0,0,2058
1550,2870,1695113387.0,634375190000000000,2059
1551,2871,1695113387.0,1935378000000000000,2060
1551,2872,1695113375.0,1164544290000000000,2061
1552,1903,1695113387.0,0,2062
1553,2035,1695113387.0,0,2063
1553,2474,1695113363.0,0,2064
1554,2035,1695113387.0,30000000000000000,2065
1555,2873,1695113387.0,10286083687554000,2066
1556,1824,1695113387.0,0,2067
1557,2874,1695113387.0,0,2068
1558,1903,1695113387.0,0,2069
1559,2875,1695113387.0,1007000060000000000,2070
1560,2480,1695113387.0,0,2071
1561,1922,1695113387.0,29793488793535926,2072
1562,2876,1695113387.0,0,2073
1563,2595,1695113387.0,0,2074
1564,2877,1695113387.0,0,2075
1565,2878,1695113387.0,0,2076
1566,2879,1695113387.0,0,2077
1567,1823,1695113387.0,0,2078
1568,2880,1695113387.0,1888420712400000000,2079
1569,2406,1695113387.0,51700000000009007,2080
1570,1903,1695113387.0,0,2081
1571,2881,1695113387.0,2630000000000000000,2082
1572,2882,1695113387.0,0,2083
1573,2883,1695113387.0,0,2084
1574,2031,1695113387.0,0,2085
1575,2776,1695113387.0,2036917952253132000,2086
1576,2776,1695113387.0,157094842253132000,2087
1577,2884,1695113387.0,57153227090315609,2088
1578,2062,1695113387.0,0,2089
1579,1817,1695113387.0,0,2090
1580,2035,1695113387.0,0,2091
1581,2885,1695113387.0,12289910000000000,2092
1582,2886,1695113387.0,14473382026134680,2093
1583,2887,1695113387.0,0,2094
1584,1922,1695113387.0,6627581500000000,2095
1585,1922,1695113387.0,6506709316637120228,2096
1586,2888,1695113387.0,659314422597693,2097
1587,2889,1695113387.0,0,2098
1588,2890,1695113387.0,0,2099
1589,2891,1695113387.0,0,2100
1590,2062,1695113363.0,0,2101
1591,1824,1695113387.0,0,2102
1592,1922,1695113387.0,10371281500000000,2103
1593,2892,1695113375.0,54941939,2104
1594,2035,1695113375.0,300000000000000000,2105
1595,2779,1695113375.0,1873207439997994,2106
1596,2035,1695113375.0,20000000000000000,2107
1597,1817,1695113375.0,50000000000000000,2108
1598,1812,1695113375.0,4909058,2109
1599,1824,1695113375.0,0,2110
1600,2035,1695113375.0,130124119613814494,2111
1601,2893,1695113375.0,139753700000000000,2112
1602,2876,1695113375.0,0,2113
1603,2363,1695113375.0,0,2114
1604,2035,1695113375.0,50000000000000000,2115
1605,2402,1695113375.0,0,2116
1606,2397,1695113375.0,0,2117
1607,2522,1695113375.0,0,2118
1608,2894,1695113375.0,150000000000000,2119
1608,2707,1695113351.0,0,2120
1609,2895,1695113375.0,0,2121
1610,2896,1695113375.0,241601000000000,2122
1611,2897,1695113375.0,272339859746750186,2123
1612,2365,1695113375.0,0,2124
1613,2898,1695113375.0,7300000000000000,2125
1614,1824,1695113375.0,0,2126
1615,2899,1695113375.0,84736109937206218,2127
1616,2900,1695113375.0,0,2128
1617,2901,1695113375.0,73119296796274137,2129
1618,2399,1695113375.0,0,2130
1619,1824,1695113375.0,0,2131
1620,2902,1695113375.0,12276991517408000,2132
1621,2723,1695113375.0,18517990000000000,2133
1622,2903,1695113375.0,1000000000000000000,2134
1623,2904,1695113375.0,5897850000000000,2135
1624,1824,1695113375.0,0,2136
1625,1824,1695113375.0,0,2137
1626,1824,1695113375.0,0,2138
1627,2410,1695113375.0,0,2139
1628,1904,1695113375.0,0,2140
1629,2905,1695113375.0,1714348160400000,2141
1630,2906,1695113375.0,4000000000000000,2142
1631,2035,1695113375.0,0,2143
1632,1824,1695113375.0,0,2144
1633,1824,1695113375.0,0,2145
1634,2907,1695113375.0,924070000000000000,2146
1635,2531,1695113375.0,339605708073856584,2147
1636,2065,1695113375.0,5249037573474272,2148
1637,1815,1695113375.0,58999000000000000,2149
1638,2908,1695113375.0,0,2150
1639,1824,1695113375.0,0,2151
1640,2909,1695113375.0,2132958459543263,2152
1641,2406,1695113375.0,7300000000009003,2153
1642,2287,1695113375.0,0,2154
1643,2406,1695113375.0,214585000000009003,2155
1644,2528,1695113375.0,0,2156
1645,2065,1695113375.0,0,2157
1646,2910,1695113375.0,0,2158
1647,2406,1695113375.0,6310000000009003,2159
1648,2228,1695113375.0,51200000000009004,2160
1649,2911,1695113375.0,0,2161
1650,2097,1695113375.0,8999000000000000,2162
1651,2305,1695113375.0,185239696300000000,2163
1652,2912,1695113375.0,7583480292317403801,2164
1653,2913,1695113375.0,102610043510896031,2165
1654,2671,1695113375.0,12100000000009014,2166
1655,2914,1695113375.0,0,2167
1656,2035,1695113375.0,25000000000000000,2168
1657,2915,1695113375.0,9000000000000000,2169
1658,2916,1695113375.0,0,2170
1659,1824,1695113375.0,0,2171
1660,2399,1695113375.0,0,2172
1661,2031,1695113375.0,0,2173
1662,2917,1695113375.0,641243325440707149,2174
1663,2228,1695113375.0,11200000000009004,2175
1664,2032,1695113375.0,676193463027824000,2176
1665,2918,1695113375.0,0,2177
1666,2035,1695113375.0,0,2178
1667,2032,1695113375.0,3193463027824000,2179
1668,2919,1695113375.0,0,2180
1669,1824,1695113375.0,0,2181
1670,1824,1695113375.0,0,2182
1671,1824,1695113375.0,0,2183
1672,2920,1695113375.0,59525640000000000,2184
1673,2031,1695113375.0,0,2185
1674,1903,1695113375.0,0,2186
1675,2921,1695113375.0,100000000000000000,2187
1676,2120,1695113375.0,389000000000000000,2188
1677,1824,1695113363.0,0,2189
1678,2922,1695113363.0,697000000000,2190
1679,2923,1695113363.0,8844339770959712,2191
1680,2924,1695113363.0,60942171283016220,2192
1681,2034,1695113363.0,0,2193
1682,2925,1695113363.0,0,2194
1683,2035,1695113363.0,10000000000000000,2195
1684,2028,1695113363.0,30220427103408190,2196
1685,2028,1695113363.0,62070641738881000,2197
1686,2028,1695113363.0,49047299345304481,2198
1687,2070,1695113363.0,2700000000000,2199
1688,2926,1695113363.0,580000000000000000,2200
1689,2491,1695113363.0,3100000000000000,2201
1690,2035,1695113351.0,120000000000000000,2202
1691,2035,1695113351.0,137800000000000000,2203
1692,2927,1695113351.0,1695113353,2204
1693,2035,1695113351.0,0,2205
1694,2927,1695113351.0,1695113353,2206
1695,2928,1695113351.0,0,2207
1696,2643,1695113351.0,25418979840,2208
1697,2402,1695113351.0,0,2209
1698,1831,1695113351.0,0,2210
1699,1903,1695113351.0,0,2211
1700,2929,1695113351.0,77268800000000000,2212
1701,2930,1695113351.0,5000000000000000,2213
1701,1824,1695113351.0,0,2214
1702,1824,1695113351.0,0,2215
1703,2397,1695113351.0,0,2216
1703,1817,1695113339.0,500000000000000000,2217
1704,1817,1695113351.0,0,2218
1705,1817,1695113351.0,100000000000000000,2219
1706,1817,1695113351.0,0,2220
1707,2931,1695113351.0,11320000000000000,2221
1708,2362,1695113351.0,7833683907100000,2222
1709,2362,1695113351.0,7833617907100000,2223
1710,2362,1695113351.0,7833591704920500,2224
1711,2362,1695113351.0,7833533907100000,2225
1712,2362,1695113351.0,7833491907100000,2226
1713,2932,1695113351.0,253382000000000000,2227
1714,1903,1695113351.0,0,2228
1715,1824,1695113351.0,0,2229
1716,1824,1695113351.0,0,2230
1717,2397,1695113351.0,0,2231
1718,1843,1695113351.0,100000000000000000,2232
1719,1922,1695113351.0,28238151103012902,2233
1720,2933,1695113351.0,0,2234
1721,2934,1695113351.0,0,2235
1722,2935,1695113351.0,0,2236
1723,2936,1695113351.0,11050926802959273,2237
1724,2723,1695113351.0,15719990000000000,2238
1725,2937,1695113351.0,1254980000000000,2239
1726,1824,1695113351.0,0,2240
1727,1824,1695113351.0,0,2241
1728,1824,1695113351.0,0,2242
1729,1824,1695113351.0,0,2243
1730,1824,1695113351.0,0,2244
1731,2938,1695113351.0,0,2245
1732,2939,1695113351.0,0,2246
1733,2940,1695113351.0,662589605700000,2247
1734,2941,1695113351.0,497628720395086886,2248
1735,2742,1695113351.0,9069740000000000,2249
1736,2942,1695113351.0,0,2250
1737,2943,1695113351.0,0,2251
1738,2035,1695113351.0,700000000000000000,2252
1739,2944,1695113351.0,5493834696618239,2253
1740,2945,1695113351.0,6280554115743808626,2254
1741,1903,1695113351.0,0,2255
1742,2946,1695113351.0,0,2256
1743,2097,1695113351.0,0,2257
1744,2035,1695113351.0,20000000000000000,2258
1745,2947,1695113351.0,20000000000000000,2259
1746,2034,1695113351.0,0,2260
1747,2948,1695113351.0,40304560000000000,2261
1748,2949,1695113351.0,460661360000000000,2262
1749,2034,1695113351.0,0,2263
1750,1903,1695113351.0,0,2264
1751,2065,1695113351.0,1038248988471012204,2265
1752,2950,1695113351.0,1000000000000000,2266
1753,2951,1695113351.0,54647090522213123,2267
1754,2952,1695113351.0,1953480000000000000,2268
1755,2031,1695113351.0,0,2269
1756,2953,1695113351.0,0,2270
1757,2954,1695113351.0,0,2271
1758,2955,1695113351.0,172711030000000000,2272
1759,2956,1695113351.0,40000000000000000,2273
1760,2035,1695113351.0,0,2274
1761,2825,1695113351.0,0,2275
1762,2065,1695113351.0,2540248988471012204,2276
1763,2957,1695113351.0,11708505382687504,2277
1764,2061,1695113351.0,0,2278
1765,2284,1695113351.0,0,2279
1766,2958,1695113351.0,30178142489605308,2280
1767,2031,1695113351.0,0,2281
1768,1817,1695113351.0,74000000000000000,2282
1769,2031,1695113351.0,0,2283
1770,2595,1695113351.0,0,2284
1771,2065,1695113351.0,899248988471012204,2285
1772,2959,1695113351.0,200000000000000000,2286
1773,2397,1695113351.0,0,2287
1774,1824,1695113351.0,0,2288
1775,2960,1695113351.0,2742397707735730,2289
1776,1824,1695113351.0,0,2290
1777,2961,1695113351.0,70000000000000000,2291
1778,1824,1695113339.0,0,2292
1779,1824,1695113339.0,0,2293
1780,2962,1695113339.0,0,2294
1781,2963,1695113339.0,114363000000000000,2295
1782,2964,1695113339.0,85587896861897059,2296
1783,2965,1695113339.0,729096986570822000,2297
1784,1842,1695113339.0,0,2298
1785,2966,1695113339.0,1230135930256648000,2299
1786,2078,1695113339.0,800000000000000,2300
1787,2967,1695113339.0,42043595657857629,2301
1788,2861,1695113339.0,0,2302
1789,2413,1695113339.0,500000000000000000,2303
1790,1824,1695113339.0,0,2304
1791,1824,1695113339.0,0,2305
1792,2968,1695113339.0,690520755494270561,2306
1793,2969,1695113339.0,0,2307
1794,2970,1695113339.0,630000000000000000,2308
1795,1922,1695113339.0,103708151103012902,2309
1796,2595,1695113339.0,30000000000000000,2310
1797,1818,1695113339.0,0,2311
1798,2051,1695113339.0,97139392641211544,2312
1799,1824,1695113339.0,0,2313
1800,2971,1695113339.0,500000000000000000,2314
1801,1824,1695113339.0,0,2315
1802,2033,1695113339.0,639000000000000000,2316
1803,2028,1695113339.0,100161617551115000,2317
1804,2972,1695113339.0,750000000000000000,2318
1805,1831,1695113339.0,70000000000000000,2319
1806,2033,1695113339.0,30000000000000000,2320
1807,2973,1695113339.0,0,2321
1808,1824,1695113339.0,0,2322
1809,1824,1695113339.0,0,2323
